"","Qual o seu estado civil?","NT_GER","Quantas horas por semana, aproximadamente, você dedicou aos estudos, excetuando as horas de aula?"
"1","Solteiro(a)",36.4,"De uma a três"
"2","Solteiro(a)",66.3,"De uma a três"
"3","Solteiro(a)",27.3,"De quatro a sete"
"4","Solteiro(a)",54.6,"De quatro a sete"
"5","Solteiro(a)",34.8,"De quatro a sete"
"6","Solteiro(a)",44.2,"De uma a três"
"7","Solteiro(a)",34.1,"De uma a três"
"8","Solteiro(a)",38.9,"De uma a três"
"9","Solteiro(a)",47.6,"De uma a três"
"10","Solteiro(a)",41.4,"De oito a doze"
"11","Solteiro(a)",58.3,"De oito a doze"
"12","Solteiro(a)",41.1,"De oito a doze"
"13","Casado(a)",42.5,"De quatro a sete"
"14","Solteiro(a)",61.2,"Mais de doze"
"15","Solteiro(a)",35,"Mais de doze"
"16","Casado(a)",52.9,"Mais de doze"
"17","Solteiro(a)",24.2,"De uma a três"
"18","Solteiro(a)",40.3,"De oito a doze"
"19","Solteiro(a)",39.8,"De oito a doze"
"20","Solteiro(a)",47.3,"De quatro a sete"
"21","Solteiro(a)",59.9,"Mais de doze"
"22","Casado(a)",41,"De uma a três"
"23","Solteiro(a)",53.2,"De quatro a sete"
"24","Solteiro(a)",65.1,"De uma a três"
"25","Solteiro(a)",38.7,"De uma a três"
"26","Solteiro(a)",30.7,"De uma a três"
"27","Separado(a) judicialmente/divorciado(a)",58,"De quatro a sete"
"28","Solteiro(a)",54.5,"De oito a doze"
"29","Solteiro(a)",33.8,"De quatro a sete"
"30","Solteiro(a)",62.7,"Mais de doze"
"31","Solteiro(a)",44.6,"De quatro a sete"
"32","Casado(a)",42.7,"De quatro a sete"
"33","Solteiro(a)",45.6,"De quatro a sete"
"34","Solteiro(a)",37.5,"De uma a três"
"35","Solteiro(a)",55.7,"De uma a três"
"36","Solteiro(a)",48.4,"De uma a três"
"37","Solteiro(a)",31.5,"De quatro a sete"
"38","Solteiro(a)",31.1,"De uma a três"
"39","Casado(a)",70.7,"De uma a três"
"40","Solteiro(a)",32.1,"De quatro a sete"
"41","Solteiro(a)",55.9,"De uma a três"
"42","Solteiro(a)",41.9,"De quatro a sete"
"43","Solteiro(a)",36.1,"De quatro a sete"
"44","Solteiro(a)",40.3,"De uma a três"
"45","Separado(a) judicialmente/divorciado(a)",34.9,"Mais de doze"
"46","Solteiro(a)",31.8,"De uma a três"
"47","Solteiro(a)",46.3,"De uma a três"
"48","Solteiro(a)",27.3,"Nenhuma, apenas assisto às aulas"
"49","Casado(a)",64.1,"De oito a doze"
"50","Solteiro(a)",54.3,"De uma a três"
"51","Solteiro(a)",35.2,"De uma a três"
"52","Casado(a)",48.2,"De uma a três"
"53","Solteiro(a)",42.5,"De oito a doze"
"54","Outro",38.7,"De quatro a sete"
"55","Casado(a)",43.8,"De quatro a sete"
"56","Solteiro(a)",38,"De uma a três"
"57","Solteiro(a)",53.6,"De quatro a sete"
"58","Solteiro(a)",61.1,"De quatro a sete"
"59","Casado(a)",40,"De oito a doze"
"60","Solteiro(a)",52.3,"De quatro a sete"
"61","Casado(a)",32.2,"De uma a três"
"62","Solteiro(a)",38.8,"De uma a três"
"63","Casado(a)",37.9,"De quatro a sete"
"64","Solteiro(a)",53.8,"De uma a três"
"65","Solteiro(a)",37.4,"De uma a três"
"66","Casado(a)",36.6,"De uma a três"
"67","Solteiro(a)",24.9,"De uma a três"
"68","Casado(a)",50.4,"De uma a três"
"69","Solteiro(a)",21.9,"De uma a três"
"70","Casado(a)",37.9,"De uma a três"
"71","Casado(a)",36.2,"De uma a três"
"72","Solteiro(a)",42.1,"De oito a doze"
"73","Viúvo(a)",36.2,"De uma a três"
"74","Outro",54.9,"De oito a doze"
"75","Solteiro(a)",36.6,"De uma a três"
"76","Casado(a)",46.5,"De uma a três"
"77","Solteiro(a)",45.7,"De quatro a sete"
"78","Solteiro(a)",27.8,"De oito a doze"
"79","Solteiro(a)",47.1,"De uma a três"
"80","Solteiro(a)",51,"De uma a três"
"81","Solteiro(a)",51.2,"De uma a três"
"82","Solteiro(a)",26.2,"De quatro a sete"
"83","Casado(a)",48.3,"De quatro a sete"
"84","Solteiro(a)",61.4,"De uma a três"
"85","Solteiro(a)",30.9,"De quatro a sete"
"86","Casado(a)",27.2,"De uma a três"
"87","Solteiro(a)",57.9,"De uma a três"
"88","Solteiro(a)",37.6,"De uma a três"
"89","Solteiro(a)",32.4,"De quatro a sete"
"90","Solteiro(a)",44,"De quatro a sete"
"91","Casado(a)",34.1,"De quatro a sete"
"92","Solteiro(a)",38.7,"De quatro a sete"
"93","Solteiro(a)",36.8,"De oito a doze"
"94","Solteiro(a)",47.3,"De quatro a sete"
"95","Solteiro(a)",43.4,"De uma a três"
"96","Solteiro(a)",36.8,"De quatro a sete"
"97","Solteiro(a)",59.7,"Mais de doze"
"98","Solteiro(a)",71.5,"De oito a doze"
"99","Solteiro(a)",51.7,"Mais de doze"
"100","Casado(a)",50.3,"De quatro a sete"
"101","Solteiro(a)",65.1,"De uma a três"
"102","Solteiro(a)",58.6,"De oito a doze"
"103","Solteiro(a)",37.8,"De quatro a sete"
"104","Solteiro(a)",39.4,"De quatro a sete"
"105","Solteiro(a)",61.1,"De oito a doze"
"106","Solteiro(a)",66.3,"De oito a doze"
"107","Casado(a)",51.4,"De oito a doze"
"108","Solteiro(a)",66.5,"Mais de doze"
"109","Solteiro(a)",61.5,"De oito a doze"
"110","Solteiro(a)",48,"De uma a três"
"111","Solteiro(a)",50.7,"De quatro a sete"
"112","Solteiro(a)",35.7,"De quatro a sete"
"113","Casado(a)",35.3,"De quatro a sete"
"114","Solteiro(a)",26.4,"De quatro a sete"
"115","Solteiro(a)",20.8,"De quatro a sete"
"116","Solteiro(a)",52.2,"De quatro a sete"
"117","Solteiro(a)",56,"De oito a doze"
"118","Solteiro(a)",52,"De uma a três"
"119","Solteiro(a)",53,"De uma a três"
"120","Casado(a)",53,"De oito a doze"
"121","Casado(a)",58.7,"De uma a três"
"122","Solteiro(a)",65,"De uma a três"
"123","Casado(a)",32.5,"De uma a três"
"124","Casado(a)",49.5,"De uma a três"
"125","Casado(a)",65.8,"De uma a três"
"126","Casado(a)",38.7,"De quatro a sete"
"127","Separado(a) judicialmente/divorciado(a)",44.8,"De quatro a sete"
"128","Separado(a) judicialmente/divorciado(a)",67,"De uma a três"
"129","Casado(a)",54.9,"De quatro a sete"
"130","Solteiro(a)",65.2,"De quatro a sete"
"131","Casado(a)",42.6,"De uma a três"
"132","Solteiro(a)",56.2,"De quatro a sete"
"133","Casado(a)",58.5,"De oito a doze"
"134","Solteiro(a)",46.2,"De uma a três"
"135","Solteiro(a)",58.5,"De oito a doze"
"136","Separado(a) judicialmente/divorciado(a)",36.2,"De quatro a sete"
"137","Casado(a)",50.2,"De quatro a sete"
"138","Solteiro(a)",74.5,"De quatro a sete"
"139","Solteiro(a)",47,"De quatro a sete"
"140","Solteiro(a)",48.3,"De uma a três"
"141","Casado(a)",69.6,"De uma a três"
"142","Solteiro(a)",59.9,"De oito a doze"
"143","Casado(a)",58.4,"Mais de doze"
"144","Casado(a)",46.8,"De quatro a sete"
"145","Casado(a)",29.3,"De uma a três"
"146","Casado(a)",46,"De quatro a sete"
"147","Outro",35.6,"De oito a doze"
"148","Solteiro(a)",66.8,"De quatro a sete"
"149","Solteiro(a)",66,"De uma a três"
"150","Casado(a)",51.4,"Mais de doze"
"151","Solteiro(a)",65,"De uma a três"
"152","Casado(a)",65.7,"De quatro a sete"
"153","Solteiro(a)",58.5,"De uma a três"
"154","Solteiro(a)",48.3,"De uma a três"
"155","Solteiro(a)",45,"De uma a três"
"156","Solteiro(a)",44.9,"De uma a três"
"157","Solteiro(a)",45.3,"De oito a doze"
"158","Solteiro(a)",43.9,"De uma a três"
"159","Solteiro(a)",30.6,"De oito a doze"
"160","Solteiro(a)",62.6,"De quatro a sete"
"161","Solteiro(a)",46.3,"De uma a três"
"162","Solteiro(a)",52.1,"De quatro a sete"
"163","Solteiro(a)",46.5,"De quatro a sete"
"164","Solteiro(a)",59.8,"De uma a três"
"165","Solteiro(a)",49.5,"De uma a três"
"166","Solteiro(a)",23.4,"De uma a três"
"167","Solteiro(a)",54,"De uma a três"
"168","Solteiro(a)",29.5,"De uma a três"
"169","Solteiro(a)",59.7,"De uma a três"
"170","Casado(a)",48.2,"De quatro a sete"
"171","Solteiro(a)",54.8,"De uma a três"
"172","Casado(a)",29.5,"De oito a doze"
"173","Casado(a)",50.2,"De quatro a sete"
"174","Casado(a)",57.5,"De uma a três"
"175","Solteiro(a)",70,"De quatro a sete"
"176","Casado(a)",48.9,"De uma a três"
"177","Casado(a)",65.7,"De quatro a sete"
"178","Viúvo(a)",35.2,"Mais de doze"
"179","Solteiro(a)",44.3,"De uma a três"
"180","Solteiro(a)",69.6,"Mais de doze"
"181","Solteiro(a)",39.9,"De quatro a sete"
"182","Casado(a)",33.4,"De uma a três"
"183","Solteiro(a)",40,"De uma a três"
"184","Separado(a) judicialmente/divorciado(a)",45.6,"De uma a três"
"185","Solteiro(a)",30.4,"De uma a três"
"186","Casado(a)",40.9,"De uma a três"
"187","Outro",49.6,"De uma a três"
"188","Casado(a)",46.7,"De uma a três"
"189","Solteiro(a)",32.6,"De quatro a sete"
"190","Solteiro(a)",22.6,"De uma a três"
"191","Solteiro(a)",48.9,"De uma a três"
"192","Solteiro(a)",62.6,"De uma a três"
"193","Solteiro(a)",53.3,"De quatro a sete"
"194","Solteiro(a)",39.8,"De quatro a sete"
"195","Casado(a)",34,"De oito a doze"
"196","Solteiro(a)",53,"De quatro a sete"
"197","Solteiro(a)",47.3,"De uma a três"
"198","Casado(a)",58.4,"De uma a três"
"199","Solteiro(a)",59.2,"De uma a três"
"200","Solteiro(a)",37,"De uma a três"
"201","Solteiro(a)",61,"De oito a doze"
"202","Solteiro(a)",41.9,"De quatro a sete"
"203","Solteiro(a)",58.6,"De oito a doze"
"204","Outro",40.3,"De quatro a sete"
"205","Casado(a)",39.6,"De uma a três"
"206","Separado(a) judicialmente/divorciado(a)",58.9,"De uma a três"
"207",NA,38.2,NA
"208","Solteiro(a)",55.2,"Mais de doze"
"209","Solteiro(a)",55,"Mais de doze"
"210","Outro",71.3,"De quatro a sete"
"211","Solteiro(a)",57.7,"De uma a três"
"212","Casado(a)",73.4,"De quatro a sete"
"213","Solteiro(a)",59.6,"De uma a três"
"214","Solteiro(a)",52.4,"De quatro a sete"
"215","Solteiro(a)",70,"De oito a doze"
"216","Solteiro(a)",57.5,"De quatro a sete"
"217","Outro",46.8,"De uma a três"
"218","Solteiro(a)",44.5,"De quatro a sete"
"219","Solteiro(a)",65.7,"De quatro a sete"
"220","Solteiro(a)",65,"De oito a doze"
"221","Solteiro(a)",57.8,"De uma a três"
"222","Solteiro(a)",52.4,"De oito a doze"
"223","Solteiro(a)",51.6,"De quatro a sete"
"224","Solteiro(a)",60.7,"Mais de doze"
"225","Solteiro(a)",63.5,"Mais de doze"
"226","Solteiro(a)",45.5,"De oito a doze"
"227","Solteiro(a)",46,"De quatro a sete"
"228","Solteiro(a)",44.3,"Mais de doze"
"229","Solteiro(a)",21.4,"Mais de doze"
"230","Solteiro(a)",59.2,"Mais de doze"
"231","Solteiro(a)",38,"De oito a doze"
"232","Solteiro(a)",39.4,"De uma a três"
"233","Solteiro(a)",37.4,"Mais de doze"
"234","Solteiro(a)",67,"De quatro a sete"
"235","Solteiro(a)",49.3,"Mais de doze"
"236","Solteiro(a)",36.8,"Mais de doze"
"237","Solteiro(a)",49.5,"De oito a doze"
"238","Solteiro(a)",46.1,"Nenhuma, apenas assisto às aulas"
"239","Solteiro(a)",40.8,"De uma a três"
"240","Solteiro(a)",59.6,"Mais de doze"
"241","Solteiro(a)",42.9,"De quatro a sete"
"242","Solteiro(a)",40,"Mais de doze"
"243","Solteiro(a)",57.2,"De oito a doze"
"244","Solteiro(a)",40.2,"Mais de doze"
"245","Solteiro(a)",43.6,"De oito a doze"
"246","Solteiro(a)",46.3,"De uma a três"
"247","Solteiro(a)",57.2,"De uma a três"
"248","Solteiro(a)",55.2,"De oito a doze"
"249","Solteiro(a)",61.8,"Mais de doze"
"250","Solteiro(a)",59.5,"Mais de doze"
"251","Solteiro(a)",41.9,"De quatro a sete"
"252","Solteiro(a)",33.1,"Mais de doze"
"253","Solteiro(a)",37.3,"Mais de doze"
"254","Solteiro(a)",47.3,"De oito a doze"
"255","Solteiro(a)",34.3,"Mais de doze"
"256","Solteiro(a)",42.9,"De quatro a sete"
"257","Solteiro(a)",28.8,"De quatro a sete"
"258","Solteiro(a)",53.4,"Mais de doze"
"259","Solteiro(a)",41.8,"Mais de doze"
"260","Solteiro(a)",58.4,"Mais de doze"
"261","Solteiro(a)",38.6,"De quatro a sete"
"262","Solteiro(a)",37.8,"Mais de doze"
"263","Casado(a)",71.4,"Mais de doze"
"264","Solteiro(a)",26.9,"De oito a doze"
"265","Solteiro(a)",68.8,"Mais de doze"
"266","Solteiro(a)",48.3,"De quatro a sete"
"267","Solteiro(a)",56.6,"De quatro a sete"
"268","Solteiro(a)",25.3,"De uma a três"
"269","Solteiro(a)",53.2,"De oito a doze"
"270","Solteiro(a)",56.1,"De quatro a sete"
"271","Solteiro(a)",42,"Mais de doze"
"272","Solteiro(a)",52.4,"Mais de doze"
"273","Solteiro(a)",68.1,"Mais de doze"
"274","Solteiro(a)",44.3,"De quatro a sete"
"275","Solteiro(a)",69.9,"De oito a doze"
"276","Solteiro(a)",34.1,"De quatro a sete"
"277","Solteiro(a)",36.5,"De quatro a sete"
"278","Solteiro(a)",38.5,"Mais de doze"
"279","Solteiro(a)",44.9,"Mais de doze"
"280","Solteiro(a)",42.9,"De oito a doze"
"281","Solteiro(a)",42,"De oito a doze"
"282","Solteiro(a)",44.1,"De quatro a sete"
"283","Solteiro(a)",30.6,"De uma a três"
"284","Solteiro(a)",65.7,"De oito a doze"
"285","Solteiro(a)",59.7,"De oito a doze"
"286","Solteiro(a)",52.5,"Mais de doze"
"287","Solteiro(a)",39.8,"De oito a doze"
"288","Solteiro(a)",34.3,"Mais de doze"
"289","Solteiro(a)",41.9,"De quatro a sete"
"290","Solteiro(a)",51.1,"Mais de doze"
"291","Solteiro(a)",53.1,"De uma a três"
"292","Solteiro(a)",24.9,"De quatro a sete"
"293","Solteiro(a)",47.7,"De quatro a sete"
"294","Solteiro(a)",43.9,"De quatro a sete"
"295","Solteiro(a)",43.9,"De quatro a sete"
"296","Solteiro(a)",45.8,"De oito a doze"
"297","Solteiro(a)",23.3,"De oito a doze"
"298","Solteiro(a)",26.9,"De uma a três"
"299","Casado(a)",42.7,"De uma a três"
"300","Solteiro(a)",57.7,"Mais de doze"
"301","Solteiro(a)",30.4,"Mais de doze"
"302","Solteiro(a)",51,"De quatro a sete"
"303","Solteiro(a)",53.5,"Mais de doze"
"304","Solteiro(a)",44.2,"De uma a três"
"305","Solteiro(a)",24.6,"De quatro a sete"
"306","Solteiro(a)",42.1,"Mais de doze"
"307","Solteiro(a)",27.6,"De oito a doze"
"308","Solteiro(a)",70,"Mais de doze"
"309","Solteiro(a)",40.8,"De quatro a sete"
"310","Solteiro(a)",53.3,"De oito a doze"
"311","Solteiro(a)",30.4,"Nenhuma, apenas assisto às aulas"
"312","Solteiro(a)",25.2,"De quatro a sete"
"313","Solteiro(a)",63.6,"Mais de doze"
"314","Solteiro(a)",50.8,"De quatro a sete"
"315","Solteiro(a)",28,"De quatro a sete"
"316","Solteiro(a)",61.3,"Nenhuma, apenas assisto às aulas"
"317","Solteiro(a)",48.2,"Mais de doze"
"318","Solteiro(a)",69.4,"De uma a três"
"319","Solteiro(a)",57.1,"Mais de doze"
"320","Solteiro(a)",42.5,"De quatro a sete"
"321",NA,37.3,NA
"322","Solteiro(a)",64.2,"De uma a três"
"323","Solteiro(a)",38.8,"Mais de doze"
"324","Solteiro(a)",63.9,"Mais de doze"
"325","Solteiro(a)",50,"De quatro a sete"
"326","Solteiro(a)",25.1,"Mais de doze"
"327","Solteiro(a)",57.3,"De quatro a sete"
"328","Separado(a) judicialmente/divorciado(a)",37.5,"De quatro a sete"
"329","Solteiro(a)",61.5,"Mais de doze"
"330","Solteiro(a)",42.2,"Mais de doze"
"331","Solteiro(a)",57.4,"De quatro a sete"
"332","Solteiro(a)",45.9,"De oito a doze"
"333","Solteiro(a)",60.9,"Mais de doze"
"334","Solteiro(a)",49.1,"Mais de doze"
"335","Solteiro(a)",49.9,"De uma a três"
"336","Solteiro(a)",28.4,"De oito a doze"
"337","Solteiro(a)",17.6,"Mais de doze"
"338","Solteiro(a)",39.2,"De quatro a sete"
"339","Solteiro(a)",55.6,"De uma a três"
"340","Solteiro(a)",33.3,"Mais de doze"
"341","Solteiro(a)",48.8,"Mais de doze"
"342","Solteiro(a)",38.8,"De quatro a sete"
"343","Solteiro(a)",27.7,"De uma a três"
"344","Solteiro(a)",48.4,"Mais de doze"
"345","Solteiro(a)",61.5,"Mais de doze"
"346","Solteiro(a)",36.5,"De quatro a sete"
"347","Solteiro(a)",21.9,"De quatro a sete"
"348","Solteiro(a)",33.4,"Mais de doze"
"349","Solteiro(a)",37.5,"De oito a doze"
"350","Solteiro(a)",50.3,"De oito a doze"
"351","Solteiro(a)",32.8,"De quatro a sete"
"352","Solteiro(a)",39,"Mais de doze"
"353","Casado(a)",47.9,"De oito a doze"
"354","Solteiro(a)",30.3,"De quatro a sete"
"355","Solteiro(a)",57.2,"Mais de doze"
"356","Solteiro(a)",54.9,"De quatro a sete"
"357","Solteiro(a)",69,"De uma a três"
"358","Solteiro(a)",36.6,"De quatro a sete"
"359","Solteiro(a)",30,"Mais de doze"
"360","Solteiro(a)",56.5,"Mais de doze"
"361",NA,42.3,NA
"362","Solteiro(a)",48,"De quatro a sete"
"363","Solteiro(a)",44.2,"De quatro a sete"
"364","Solteiro(a)",58.2,"Mais de doze"
"365","Solteiro(a)",26.2,"De uma a três"
"366","Solteiro(a)",56.4,"De oito a doze"
"367","Solteiro(a)",39.9,"De uma a três"
"368","Casado(a)",45.6,"De quatro a sete"
"369","Solteiro(a)",51.2,"De quatro a sete"
"370","Solteiro(a)",46,"Mais de doze"
"371","Solteiro(a)",57.2,"De oito a doze"
"372","Solteiro(a)",47.4,"De quatro a sete"
"373","Solteiro(a)",37.4,"De oito a doze"
"374","Solteiro(a)",52.4,"De quatro a sete"
"375","Solteiro(a)",52.6,"Mais de doze"
"376","Solteiro(a)",60.7,"Mais de doze"
"377","Solteiro(a)",41.6,"De oito a doze"
"378","Casado(a)",35.9,"De oito a doze"
"379","Solteiro(a)",54.1,"De oito a doze"
"380","Solteiro(a)",61.4,"Mais de doze"
"381","Solteiro(a)",48,"De quatro a sete"
"382","Solteiro(a)",53.3,"Mais de doze"
"383","Solteiro(a)",58.5,"De quatro a sete"
"384","Solteiro(a)",71.4,"De oito a doze"
"385","Solteiro(a)",48.9,"De oito a doze"
"386","Solteiro(a)",41.8,"Mais de doze"
"387","Solteiro(a)",39.8,"De quatro a sete"
"388","Solteiro(a)",45.9,"Mais de doze"
"389","Solteiro(a)",66.1,"De uma a três"
"390","Solteiro(a)",65.9,"Mais de doze"
"391","Solteiro(a)",59.3,"Mais de doze"
"392","Solteiro(a)",77.5,"De quatro a sete"
"393","Outro",40.2,"De quatro a sete"
"394","Casado(a)",67.9,"De uma a três"
"395","Solteiro(a)",74.9,"De quatro a sete"
"396","Solteiro(a)",58.1,"De quatro a sete"
"397","Solteiro(a)",45,"De quatro a sete"
"398","Solteiro(a)",58.9,"Mais de doze"
"399","Solteiro(a)",65.5,"De quatro a sete"
"400","Solteiro(a)",24.2,"De quatro a sete"
"401","Solteiro(a)",52.3,"Mais de doze"
"402","Solteiro(a)",54.4,"De oito a doze"
"403","Solteiro(a)",58.9,"De quatro a sete"
"404","Solteiro(a)",77.2,"De quatro a sete"
"405","Solteiro(a)",41.8,"De quatro a sete"
"406","Solteiro(a)",40.7,"De quatro a sete"
"407","Solteiro(a)",75.7,"De uma a três"
"408","Solteiro(a)",52.3,"De quatro a sete"
"409","Solteiro(a)",74.7,"De quatro a sete"
"410","Solteiro(a)",49.2,"De oito a doze"
"411","Solteiro(a)",52.9,"De uma a três"
"412","Solteiro(a)",48.7,"De oito a doze"
"413","Solteiro(a)",55.1,"De quatro a sete"
"414","Solteiro(a)",51.4,"De uma a três"
"415","Solteiro(a)",70.5,"De quatro a sete"
"416","Solteiro(a)",66.2,"De oito a doze"
"417","Solteiro(a)",62.2,"De quatro a sete"
"418","Solteiro(a)",54.6,"De quatro a sete"
"419","Solteiro(a)",41.4,"De quatro a sete"
"420","Solteiro(a)",69.6,"De quatro a sete"
"421","Solteiro(a)",56.7,"Mais de doze"
"422","Solteiro(a)",50,"De oito a doze"
"423","Solteiro(a)",70.1,"Mais de doze"
"424","Solteiro(a)",39.1,"De quatro a sete"
"425","Solteiro(a)",60.8,"De quatro a sete"
"426","Solteiro(a)",67.8,"De uma a três"
"427","Solteiro(a)",54.3,"Nenhuma, apenas assisto às aulas"
"428","Solteiro(a)",65,"De uma a três"
"429","Solteiro(a)",66.8,"De oito a doze"
"430","Solteiro(a)",46.3,"De quatro a sete"
"431","Solteiro(a)",45.1,"De quatro a sete"
"432","Solteiro(a)",73.6,"De oito a doze"
"433","Solteiro(a)",73.4,"Mais de doze"
"434","Solteiro(a)",26.9,"De quatro a sete"
"435","Solteiro(a)",69.9,"De oito a doze"
"436","Solteiro(a)",55.9,"De uma a três"
"437","Solteiro(a)",42.1,"De oito a doze"
"438","Solteiro(a)",46.1,"De quatro a sete"
"439","Solteiro(a)",48.7,"De quatro a sete"
"440","Solteiro(a)",69.8,"De uma a três"
"441","Solteiro(a)",54.2,"Mais de doze"
"442","Solteiro(a)",65.1,"De oito a doze"
"443","Solteiro(a)",51.5,"De uma a três"
"444","Solteiro(a)",49.2,"Mais de doze"
"445","Solteiro(a)",45.5,"Mais de doze"
"446","Solteiro(a)",53.9,"De oito a doze"
"447","Solteiro(a)",70.3,"De oito a doze"
"448","Solteiro(a)",53.5,"De oito a doze"
"449","Solteiro(a)",59.7,"Mais de doze"
"450","Solteiro(a)",44.9,"De uma a três"
"451","Solteiro(a)",56.4,"De oito a doze"
"452","Solteiro(a)",71.1,"Mais de doze"
"453","Solteiro(a)",50.9,"Mais de doze"
"454","Solteiro(a)",58.1,"De quatro a sete"
"455","Solteiro(a)",59.5,"Mais de doze"
"456","Solteiro(a)",62.1,"De quatro a sete"
"457","Solteiro(a)",70.8,"De quatro a sete"
"458","Solteiro(a)",70.8,"De quatro a sete"
"459","Solteiro(a)",72.4,"Mais de doze"
"460","Solteiro(a)",66.3,"Mais de doze"
"461","Solteiro(a)",77.4,"Mais de doze"
"462","Solteiro(a)",56.7,"De oito a doze"
"463","Solteiro(a)",61.3,"De oito a doze"
"464","Solteiro(a)",69,"De uma a três"
"465","Solteiro(a)",73.6,"De quatro a sete"
"466","Solteiro(a)",58.9,"De oito a doze"
"467","Solteiro(a)",45.7,"De oito a doze"
"468","Solteiro(a)",52.4,"Mais de doze"
"469","Solteiro(a)",50.6,"De oito a doze"
"470","Solteiro(a)",51.6,"De uma a três"
"471","Solteiro(a)",57.7,"Mais de doze"
"472","Solteiro(a)",60.5,"De uma a três"
"473","Solteiro(a)",45.4,"De quatro a sete"
"474","Solteiro(a)",63.7,"De quatro a sete"
"475","Solteiro(a)",52.1,"De quatro a sete"
"476","Solteiro(a)",49.7,"De oito a doze"
"477","Solteiro(a)",28.9,"De oito a doze"
"478","Solteiro(a)",51.6,"De uma a três"
"479","Solteiro(a)",41.3,"De quatro a sete"
"480","Solteiro(a)",45.2,"De quatro a sete"
"481","Solteiro(a)",59.9,"Mais de doze"
"482","Solteiro(a)",55.4,"De oito a doze"
"483","Solteiro(a)",34.8,"Nenhuma, apenas assisto às aulas"
"484","Solteiro(a)",46.8,"Mais de doze"
"485","Solteiro(a)",33.8,"De uma a três"
"486","Solteiro(a)",42,"Mais de doze"
"487","Solteiro(a)",47.9,"De oito a doze"
"488","Solteiro(a)",47.2,"De uma a três"
"489","Solteiro(a)",56.6,"De quatro a sete"
"490","Solteiro(a)",32,"De uma a três"
"491","Solteiro(a)",55.2,"Mais de doze"
"492","Solteiro(a)",45.8,"Mais de doze"
"493","Solteiro(a)",31.1,"De oito a doze"
"494","Solteiro(a)",44.3,"Mais de doze"
"495","Solteiro(a)",57.6,"Mais de doze"
"496","Solteiro(a)",55,"De oito a doze"
"497","Solteiro(a)",52.1,"De quatro a sete"
"498","Solteiro(a)",40.2,"De oito a doze"
"499","Solteiro(a)",58.5,"Mais de doze"
"500","Solteiro(a)",54.2,"De oito a doze"
"501","Solteiro(a)",31.4,"Mais de doze"
"502","Solteiro(a)",36.9,"Mais de doze"
"503","Solteiro(a)",64.6,"De oito a doze"
"504","Solteiro(a)",30.7,"Mais de doze"
"505","Solteiro(a)",39,"De quatro a sete"
"506","Solteiro(a)",31.9,"De quatro a sete"
"507","Solteiro(a)",49.4,"De quatro a sete"
"508","Casado(a)",43.9,"De uma a três"
"509","Solteiro(a)",38.9,"De quatro a sete"
"510","Solteiro(a)",35,"De oito a doze"
"511","Solteiro(a)",43.2,"Mais de doze"
"512","Solteiro(a)",30.6,"De quatro a sete"
"513","Solteiro(a)",51.3,"De oito a doze"
"514","Solteiro(a)",49,"De quatro a sete"
"515","Solteiro(a)",32.8,"De uma a três"
"516","Solteiro(a)",44.6,"De uma a três"
"517","Solteiro(a)",39.4,"De quatro a sete"
"518","Solteiro(a)",31.8,"Mais de doze"
"519","Solteiro(a)",43.8,"De oito a doze"
"520","Solteiro(a)",46.9,"De oito a doze"
"521","Solteiro(a)",48.7,"Mais de doze"
"522","Solteiro(a)",54.8,"Mais de doze"
"523","Solteiro(a)",53.1,"Mais de doze"
"524","Solteiro(a)",56,"Mais de doze"
"525","Solteiro(a)",35.5,"De quatro a sete"
"526","Solteiro(a)",46,"De oito a doze"
"527","Solteiro(a)",27.9,"De oito a doze"
"528","Solteiro(a)",34.8,"De oito a doze"
"529","Solteiro(a)",49,"Mais de doze"
"530","Solteiro(a)",49.1,"Nenhuma, apenas assisto às aulas"
"531","Solteiro(a)",59,"De oito a doze"
"532","Solteiro(a)",38.9,"Mais de doze"
"533","Solteiro(a)",29,"De quatro a sete"
"534","Solteiro(a)",47.4,"Mais de doze"
"535","Solteiro(a)",31.7,"De oito a doze"
"536","Solteiro(a)",37.1,"De quatro a sete"
"537","Solteiro(a)",33.5,"Mais de doze"
"538","Solteiro(a)",43.9,"Mais de doze"
"539","Solteiro(a)",60.6,"De oito a doze"
"540","Solteiro(a)",36,"Mais de doze"
"541","Solteiro(a)",49,"De oito a doze"
"542","Solteiro(a)",38.1,"Mais de doze"
"543","Solteiro(a)",59.1,"Mais de doze"
"544","Solteiro(a)",44,"Mais de doze"
"545","Solteiro(a)",44.5,"Mais de doze"
"546","Solteiro(a)",46.9,"Mais de doze"
"547","Solteiro(a)",48.8,"De uma a três"
"548","Casado(a)",40.1,"De oito a doze"
"549","Solteiro(a)",42.1,"De quatro a sete"
"550","Solteiro(a)",50.4,"De quatro a sete"
"551","Solteiro(a)",64.5,"De quatro a sete"
"552","Solteiro(a)",57.3,"Mais de doze"
"553","Solteiro(a)",32.6,"Nenhuma, apenas assisto às aulas"
"554","Solteiro(a)",56.6,"Mais de doze"
"555","Solteiro(a)",60.6,"Mais de doze"
"556","Solteiro(a)",64.2,"Mais de doze"
"557","Solteiro(a)",59.2,"De oito a doze"
"558","Solteiro(a)",34.9,"De quatro a sete"
"559","Solteiro(a)",43.8,"De quatro a sete"
"560","Solteiro(a)",39,"De quatro a sete"
"561","Solteiro(a)",74.7,"De oito a doze"
"562","Solteiro(a)",41.4,"De quatro a sete"
"563","Solteiro(a)",46.9,"De quatro a sete"
"564","Outro",56.4,"De uma a três"
"565","Solteiro(a)",37.8,"De uma a três"
"566","Solteiro(a)",50.5,"Mais de doze"
"567","Solteiro(a)",67.6,"De quatro a sete"
"568","Solteiro(a)",59.1,"De uma a três"
"569","Solteiro(a)",36.3,"Mais de doze"
"570","Solteiro(a)",53.9,"Mais de doze"
"571","Solteiro(a)",45.9,"De oito a doze"
"572","Solteiro(a)",69.1,"Mais de doze"
"573","Solteiro(a)",62.8,"Mais de doze"
"574","Casado(a)",36.5,"Mais de doze"
"575","Solteiro(a)",59.9,"De quatro a sete"
"576","Solteiro(a)",41.9,"De quatro a sete"
"577","Solteiro(a)",41.4,"De oito a doze"
"578","Solteiro(a)",61.7,"De quatro a sete"
"579","Solteiro(a)",34.9,"De quatro a sete"
"580","Solteiro(a)",62.3,"De oito a doze"
"581","Solteiro(a)",45.9,"De quatro a sete"
"582","Solteiro(a)",43.8,"Mais de doze"
"583","Casado(a)",67.7,"De quatro a sete"
"584","Solteiro(a)",68.1,"De quatro a sete"
"585","Solteiro(a)",53.6,"De quatro a sete"
"586","Solteiro(a)",51.1,"Mais de doze"
"587","Solteiro(a)",78.1,"De quatro a sete"
"588","Solteiro(a)",34.7,"Mais de doze"
"589","Solteiro(a)",67,"De uma a três"
"590","Solteiro(a)",43.9,"Mais de doze"
"591","Solteiro(a)",49.1,"Mais de doze"
"592","Casado(a)",42.8,"De quatro a sete"
"593","Solteiro(a)",71.2,"De oito a doze"
"594","Solteiro(a)",18.8,"De oito a doze"
"595","Solteiro(a)",48.5,"De quatro a sete"
"596","Solteiro(a)",31.7,"Mais de doze"
"597","Solteiro(a)",48.7,"Mais de doze"
"598","Solteiro(a)",60.1,"De quatro a sete"
"599","Solteiro(a)",49.5,"De uma a três"
"600","Solteiro(a)",23.1,"Mais de doze"
"601","Solteiro(a)",63.7,"De quatro a sete"
"602","Solteiro(a)",44.4,"Mais de doze"
"603","Casado(a)",63.2,"De quatro a sete"
"604","Solteiro(a)",58.7,"De oito a doze"
"605","Solteiro(a)",48.9,"Mais de doze"
"606","Solteiro(a)",36.9,"De quatro a sete"
"607","Solteiro(a)",60.2,"Mais de doze"
"608","Solteiro(a)",49.4,"Mais de doze"
"609","Solteiro(a)",69.1,"De quatro a sete"
"610","Solteiro(a)",62.2,"De quatro a sete"
"611","Solteiro(a)",41.5,"De uma a três"
"612","Solteiro(a)",36.4,"De quatro a sete"
"613","Solteiro(a)",40.7,"Mais de doze"
"614","Solteiro(a)",43.2,"De uma a três"
"615","Solteiro(a)",41.3,"De oito a doze"
"616","Solteiro(a)",57.3,"De quatro a sete"
"617","Solteiro(a)",46,"De oito a doze"
"618","Solteiro(a)",41.6,"Mais de doze"
"619","Solteiro(a)",42.1,"De quatro a sete"
"620","Solteiro(a)",38.8,"De oito a doze"
"621","Solteiro(a)",43.9,"De quatro a sete"
"622","Solteiro(a)",30.7,"Mais de doze"
"623","Solteiro(a)",38.3,"De quatro a sete"
"624","Solteiro(a)",52,"De uma a três"
"625","Casado(a)",39.8,"De uma a três"
"626","Solteiro(a)",56.9,"De quatro a sete"
"627","Casado(a)",52,"De quatro a sete"
"628","Solteiro(a)",30.4,"De quatro a sete"
"629","Solteiro(a)",51.8,"De quatro a sete"
"630","Solteiro(a)",36.8,"De uma a três"
"631","Casado(a)",36.5,"De quatro a sete"
"632","Solteiro(a)",45.9,"De oito a doze"
"633","Solteiro(a)",46.8,"De oito a doze"
"634","Solteiro(a)",34.1,"De oito a doze"
"635","Solteiro(a)",40.7,"De uma a três"
"636","Solteiro(a)",45.2,"De uma a três"
"637","Solteiro(a)",49.2,"Nenhuma, apenas assisto às aulas"
"638","Solteiro(a)",43.8,"De quatro a sete"
"639","Solteiro(a)",42,"De quatro a sete"
"640","Solteiro(a)",36.4,"De quatro a sete"
"641","Solteiro(a)",31.1,"Mais de doze"
"642","Solteiro(a)",45.5,"Mais de doze"
"643","Solteiro(a)",35.2,"De quatro a sete"
"644","Solteiro(a)",46.6,"De quatro a sete"
"645","Solteiro(a)",46.9,"De quatro a sete"
"646","Solteiro(a)",44.1,"Mais de doze"
"647","Solteiro(a)",41.4,"De oito a doze"
"648","Solteiro(a)",32.7,"Mais de doze"
"649","Solteiro(a)",34.8,"De quatro a sete"
"650","Solteiro(a)",48.4,"Mais de doze"
"651","Solteiro(a)",54.4,"De uma a três"
"652","Solteiro(a)",36.5,"De quatro a sete"
"653","Solteiro(a)",38.3,"De oito a doze"
"654","Solteiro(a)",44.7,"Mais de doze"
"655","Solteiro(a)",47.5,"De oito a doze"
"656","Solteiro(a)",57.4,"De quatro a sete"
"657","Solteiro(a)",35.7,"De quatro a sete"
"658","Solteiro(a)",29.5,"Mais de doze"
"659","Solteiro(a)",44,"Mais de doze"
"660","Solteiro(a)",61.4,"De quatro a sete"
"661","Solteiro(a)",59.9,"De quatro a sete"
"662","Solteiro(a)",55,"De oito a doze"
"663","Solteiro(a)",47.9,"De quatro a sete"
"664","Solteiro(a)",36.3,"De quatro a sete"
"665","Solteiro(a)",62.5,"De oito a doze"
"666","Solteiro(a)",52.4,"De quatro a sete"
"667","Solteiro(a)",37.5,"Mais de doze"
"668","Solteiro(a)",61.3,"De oito a doze"
"669","Solteiro(a)",71,"Mais de doze"
"670","Solteiro(a)",49.6,"Mais de doze"
"671","Solteiro(a)",39.2,"Mais de doze"
"672","Solteiro(a)",68.4,"De oito a doze"
"673","Solteiro(a)",43,"De quatro a sete"
"674","Solteiro(a)",77,"De quatro a sete"
"675","Solteiro(a)",69,"De uma a três"
"676","Solteiro(a)",80.8,"Nenhuma, apenas assisto às aulas"
"677","Solteiro(a)",37.2,"De oito a doze"
"678","Solteiro(a)",60.6,"De uma a três"
"679","Solteiro(a)",49,"Mais de doze"
"680","Solteiro(a)",46.3,"De oito a doze"
"681","Solteiro(a)",55,"De quatro a sete"
"682","Solteiro(a)",43.1,"De uma a três"
"683","Solteiro(a)",59.3,"De oito a doze"
"684","Solteiro(a)",70.7,"Mais de doze"
"685","Solteiro(a)",42.3,"De quatro a sete"
"686","Solteiro(a)",48.6,"Mais de doze"
"687","Solteiro(a)",57.8,"De uma a três"
"688","Solteiro(a)",46.1,"De uma a três"
"689","Solteiro(a)",43.8,"De quatro a sete"
"690","Solteiro(a)",59.3,"De quatro a sete"
"691","Solteiro(a)",54.3,"Mais de doze"
"692","Solteiro(a)",51.1,"De uma a três"
"693","Solteiro(a)",50.7,"Mais de doze"
"694","Solteiro(a)",55.9,"De uma a três"
"695","Solteiro(a)",45.1,"De quatro a sete"
"696","Solteiro(a)",50.3,"De oito a doze"
"697","Solteiro(a)",49.6,"Mais de doze"
"698","Solteiro(a)",41.7,"De quatro a sete"
"699","Solteiro(a)",37.4,"De uma a três"
"700","Solteiro(a)",41.8,"De uma a três"
"701","Solteiro(a)",74.6,"De quatro a sete"
"702","Solteiro(a)",56.3,"De quatro a sete"
"703","Solteiro(a)",42.3,"De quatro a sete"
"704","Solteiro(a)",52.1,"Mais de doze"
"705","Solteiro(a)",37.5,"De quatro a sete"
"706","Solteiro(a)",73.3,"De oito a doze"
"707","Solteiro(a)",51.7,"De quatro a sete"
"708","Solteiro(a)",73.5,"De uma a três"
"709","Solteiro(a)",53.1,"De quatro a sete"
"710","Solteiro(a)",50.4,"De uma a três"
"711","Casado(a)",42.4,"De quatro a sete"
"712","Casado(a)",66.8,"De quatro a sete"
"713","Solteiro(a)",49.9,"De quatro a sete"
"714","Solteiro(a)",58,"De quatro a sete"
"715","Solteiro(a)",58.8,"De oito a doze"
"716","Solteiro(a)",79,"Mais de doze"
"717","Solteiro(a)",43.8,"De oito a doze"
"718","Solteiro(a)",88.6,"De uma a três"
"719","Solteiro(a)",59.1,"De uma a três"
"720","Solteiro(a)",47.4,"De quatro a sete"
"721","Solteiro(a)",63.1,"Mais de doze"
"722","Solteiro(a)",76.8,"Nenhuma, apenas assisto às aulas"
"723","Solteiro(a)",51,"De quatro a sete"
"724","Outro",39.8,"De quatro a sete"
"725","Solteiro(a)",30.5,"De uma a três"
"726","Solteiro(a)",45.5,"De quatro a sete"
"727","Solteiro(a)",33.8,"Mais de doze"
"728","Solteiro(a)",16.6,"De quatro a sete"
"729","Casado(a)",42.1,"De uma a três"
"730","Solteiro(a)",69.1,"Mais de doze"
"731","Solteiro(a)",54.6,"Mais de doze"
"732","Solteiro(a)",59.3,"Mais de doze"
"733","Solteiro(a)",58.5,"Mais de doze"
"734","Solteiro(a)",66.8,"De quatro a sete"
"735","Solteiro(a)",46.7,"De oito a doze"
"736","Solteiro(a)",47.1,"Mais de doze"
"737","Solteiro(a)",54.8,"Mais de doze"
"738","Casado(a)",30.4,"Mais de doze"
"739","Solteiro(a)",50.1,"Mais de doze"
"740","Solteiro(a)",44.3,"De quatro a sete"
"741","Solteiro(a)",64.7,"De uma a três"
"742","Solteiro(a)",41.3,"De quatro a sete"
"743","Casado(a)",21.4,"De uma a três"
"744","Solteiro(a)",47.8,"De uma a três"
"745","Solteiro(a)",62.9,"Mais de doze"
"746","Casado(a)",39.1,"De uma a três"
"747","Solteiro(a)",48.1,"De uma a três"
"748","Casado(a)",73.4,"De oito a doze"
"749","Casado(a)",59.2,"De oito a doze"
"750","Solteiro(a)",30,"De uma a três"
"751","Solteiro(a)",53,"De quatro a sete"
"752","Solteiro(a)",46.9,"De uma a três"
"753","Casado(a)",35.3,"De uma a três"
"754","Solteiro(a)",48.9,"De quatro a sete"
"755","Solteiro(a)",69.3,"De quatro a sete"
"756","Solteiro(a)",49.3,"De quatro a sete"
"757","Solteiro(a)",44.2,"De uma a três"
"758","Solteiro(a)",37.9,"De uma a três"
"759","Solteiro(a)",65.3,"De quatro a sete"
"760","Solteiro(a)",75,"De quatro a sete"
"761","Casado(a)",23.6,"De uma a três"
"762","Solteiro(a)",52.6,"De uma a três"
"763","Solteiro(a)",57.2,"De uma a três"
"764","Solteiro(a)",64,"De quatro a sete"
"765","Solteiro(a)",51.6,"De uma a três"
"766","Casado(a)",37.3,"De uma a três"
"767","Casado(a)",65.5,"De uma a três"
"768","Solteiro(a)",29.9,"Mais de doze"
"769","Solteiro(a)",67.6,"De oito a doze"
"770","Solteiro(a)",47.1,"De quatro a sete"
"771","Solteiro(a)",54.2,"De uma a três"
"772","Casado(a)",33,"Mais de doze"
"773","Solteiro(a)",65.2,"De uma a três"
"774","Solteiro(a)",27.7,"Mais de doze"
"775","Solteiro(a)",15.3,"De uma a três"
"776","Solteiro(a)",41.4,"De uma a três"
"777","Solteiro(a)",31.6,"De uma a três"
"778","Solteiro(a)",55.4,"De uma a três"
"779","Solteiro(a)",30.3,"De uma a três"
"780","Solteiro(a)",49.5,"De quatro a sete"
"781","Solteiro(a)",45.6,"De oito a doze"
"782","Solteiro(a)",39.5,"De uma a três"
"783","Solteiro(a)",41.9,"Mais de doze"
"784","Solteiro(a)",49.2,"De quatro a sete"
"785","Casado(a)",34.9,"De uma a três"
"786","Solteiro(a)",47.9,"De oito a doze"
"787","Solteiro(a)",56.4,"Mais de doze"
"788","Solteiro(a)",40,"Nenhuma, apenas assisto às aulas"
"789","Solteiro(a)",45.3,"Mais de doze"
"790","Solteiro(a)",54.7,"De oito a doze"
"791","Solteiro(a)",51.2,"De quatro a sete"
"792","Solteiro(a)",42.2,"De quatro a sete"
"793","Solteiro(a)",57.9,"Mais de doze"
"794","Solteiro(a)",51.4,"De quatro a sete"
"795","Solteiro(a)",62.5,"De quatro a sete"
"796","Solteiro(a)",48.6,"De uma a três"
"797","Solteiro(a)",62.8,"De uma a três"
"798","Solteiro(a)",42.6,"De uma a três"
"799","Solteiro(a)",59.2,"De quatro a sete"
"800","Solteiro(a)",58.7,"De oito a doze"
"801","Solteiro(a)",66.2,"Nenhuma, apenas assisto às aulas"
"802","Solteiro(a)",80.8,"Mais de doze"
"803","Casado(a)",47,"De uma a três"
"804","Solteiro(a)",40.7,"De uma a três"
"805","Solteiro(a)",54.4,"Mais de doze"
"806","Solteiro(a)",48.9,"Nenhuma, apenas assisto às aulas"
"807","Solteiro(a)",52.5,"De oito a doze"
"808","Solteiro(a)",34.5,"Mais de doze"
"809","Solteiro(a)",41.5,"De uma a três"
"810","Casado(a)",45.5,"De quatro a sete"
"811","Solteiro(a)",64.8,"De uma a três"
"812","Solteiro(a)",29.9,"De uma a três"
"813","Solteiro(a)",38.7,"De quatro a sete"
"814","Solteiro(a)",59,"De quatro a sete"
"815","Solteiro(a)",50.4,"De quatro a sete"
"816","Casado(a)",43.7,"De uma a três"
"817","Casado(a)",55.2,"Mais de doze"
"818","Solteiro(a)",70.7,"De quatro a sete"
"819","Solteiro(a)",49.2,"De quatro a sete"
"820","Casado(a)",53.5,"De oito a doze"
"821","Solteiro(a)",47.4,"De quatro a sete"
"822","Solteiro(a)",37.4,"De uma a três"
"823","Casado(a)",63.3,"De uma a três"
"824","Solteiro(a)",36.8,"De uma a três"
"825","Solteiro(a)",50.2,"De quatro a sete"
"826","Solteiro(a)",38.5,"De uma a três"
"827","Solteiro(a)",56.7,"De uma a três"
"828","Casado(a)",41.6,"De uma a três"
"829","Solteiro(a)",45.3,"De oito a doze"
"830","Solteiro(a)",60.1,"De quatro a sete"
"831","Solteiro(a)",41.6,"Mais de doze"
"832","Solteiro(a)",61.9,"De quatro a sete"
"833","Solteiro(a)",60.7,"De quatro a sete"
"834","Casado(a)",60.7,"De uma a três"
"835","Casado(a)",62.4,"De uma a três"
"836","Casado(a)",41.2,"De uma a três"
"837","Casado(a)",74.3,"De oito a doze"
"838","Solteiro(a)",63.8,"De uma a três"
"839","Casado(a)",54.7,"De uma a três"
"840","Solteiro(a)",64.6,"De uma a três"
"841","Solteiro(a)",78.1,"De oito a doze"
"842","Solteiro(a)",63.5,"De quatro a sete"
"843","Casado(a)",61,"De uma a três"
"844","Solteiro(a)",21,"De quatro a sete"
"845","Solteiro(a)",37.3,"De quatro a sete"
"846","Solteiro(a)",33.9,"De uma a três"
"847","Solteiro(a)",40.8,"Mais de doze"
"848","Solteiro(a)",39.5,"De oito a doze"
"849","Solteiro(a)",55.1,"De quatro a sete"
"850","Solteiro(a)",33.1,"De uma a três"
"851","Solteiro(a)",58.8,"De quatro a sete"
"852","Solteiro(a)",37.3,"De quatro a sete"
"853","Solteiro(a)",33,"De quatro a sete"
"854","Solteiro(a)",52.8,"De quatro a sete"
"855","Solteiro(a)",32.8,"De oito a doze"
"856","Solteiro(a)",56.5,"De quatro a sete"
"857","Solteiro(a)",46,"De quatro a sete"
"858","Solteiro(a)",37.5,"De uma a três"
"859","Casado(a)",45,"De uma a três"
"860","Solteiro(a)",50.4,"De quatro a sete"
"861","Solteiro(a)",44,"De quatro a sete"
"862","Solteiro(a)",40.1,"De uma a três"
"863","Solteiro(a)",50,"De quatro a sete"
"864","Solteiro(a)",47.1,"De uma a três"
"865","Solteiro(a)",49.6,"De oito a doze"
"866","Solteiro(a)",54.5,"Mais de doze"
"867","Solteiro(a)",24,"De quatro a sete"
"868","Solteiro(a)",48.1,"De oito a doze"
"869","Solteiro(a)",30.7,"De oito a doze"
"870","Solteiro(a)",56.8,"De quatro a sete"
"871","Solteiro(a)",44.2,"Mais de doze"
"872","Solteiro(a)",28.5,"De oito a doze"
"873","Solteiro(a)",39.1,"De quatro a sete"
"874","Solteiro(a)",41.8,"De quatro a sete"
"875","Solteiro(a)",33.9,"De quatro a sete"
"876","Solteiro(a)",58.3,"De uma a três"
"877","Solteiro(a)",45.4,"De uma a três"
"878","Solteiro(a)",53.1,"Mais de doze"
"879","Solteiro(a)",42.7,"Mais de doze"
"880","Casado(a)",44.9,"De quatro a sete"
"881","Solteiro(a)",69.2,"De quatro a sete"
"882","Solteiro(a)",27.8,"De oito a doze"
"883","Solteiro(a)",36.3,"De uma a três"
"884","Solteiro(a)",46.2,"Mais de doze"
"885","Solteiro(a)",55.6,"De uma a três"
"886","Solteiro(a)",55.8,"De uma a três"
"887","Casado(a)",19.1,"De oito a doze"
"888","Solteiro(a)",55.9,"Mais de doze"
"889","Solteiro(a)",46.7,"Mais de doze"
"890","Solteiro(a)",27.3,"De oito a doze"
"891","Solteiro(a)",51.4,"De quatro a sete"
"892","Solteiro(a)",51.1,"Mais de doze"
"893","Casado(a)",41.6,"De quatro a sete"
"894","Solteiro(a)",49.1,"De quatro a sete"
"895","Solteiro(a)",48.4,"De uma a três"
"896","Solteiro(a)",45.7,"De uma a três"
"897","Solteiro(a)",52.5,"Mais de doze"
"898","Solteiro(a)",46.4,"De uma a três"
"899","Solteiro(a)",25.8,"De uma a três"
"900","Solteiro(a)",43.1,"De oito a doze"
"901","Solteiro(a)",55.3,"De oito a doze"
"902","Solteiro(a)",63,"De quatro a sete"
"903","Solteiro(a)",48.5,"De uma a três"
"904","Solteiro(a)",25.5,"De oito a doze"
"905","Solteiro(a)",55.6,"De oito a doze"
"906","Solteiro(a)",52.5,"De quatro a sete"
"907","Solteiro(a)",32.8,"De uma a três"
"908","Solteiro(a)",56.6,"Mais de doze"
"909","Casado(a)",33.5,"De quatro a sete"
"910","Solteiro(a)",48.4,"Mais de doze"
"911","Casado(a)",27.8,"Mais de doze"
"912","Solteiro(a)",51.6,"De oito a doze"
"913","Solteiro(a)",27.4,"De quatro a sete"
"914","Solteiro(a)",22.3,"De oito a doze"
"915","Solteiro(a)",50.6,"De quatro a sete"
"916","Solteiro(a)",52.5,"De quatro a sete"
"917","Solteiro(a)",29.1,"De oito a doze"
"918","Solteiro(a)",40.4,"De quatro a sete"
"919","Solteiro(a)",49.8,"De uma a três"
"920","Solteiro(a)",36.9,"De quatro a sete"
"921","Solteiro(a)",49.4,"De oito a doze"
"922","Solteiro(a)",38.8,"De uma a três"
"923","Solteiro(a)",70.4,"De oito a doze"
"924","Solteiro(a)",40.6,"De quatro a sete"
"925","Solteiro(a)",53.9,"De uma a três"
"926","Solteiro(a)",39.9,"De uma a três"
"927","Solteiro(a)",34.4,"De uma a três"
"928","Solteiro(a)",60.8,"De oito a doze"
"929","Solteiro(a)",29.1,"De quatro a sete"
"930","Outro",34.3,"De oito a doze"
"931","Solteiro(a)",46.8,"Mais de doze"
"932","Solteiro(a)",36,"De oito a doze"
"933","Solteiro(a)",32.1,"De oito a doze"
"934","Solteiro(a)",28.7,"Mais de doze"
"935","Solteiro(a)",39.2,"De quatro a sete"
"936","Solteiro(a)",54.9,"De quatro a sete"
"937","Solteiro(a)",35.4,"Mais de doze"
"938","Solteiro(a)",60,"De uma a três"
"939","Solteiro(a)",54,"De oito a doze"
"940","Solteiro(a)",54.4,"De quatro a sete"
"941","Solteiro(a)",20,"De oito a doze"
"942","Solteiro(a)",45.2,"De uma a três"
"943","Solteiro(a)",42.8,"De uma a três"
"944","Solteiro(a)",47,"De uma a três"
"945","Casado(a)",38.2,"De uma a três"
"946","Solteiro(a)",46.5,"De quatro a sete"
"947","Casado(a)",65,"De uma a três"
"948","Casado(a)",38.3,"De quatro a sete"
"949","Solteiro(a)",40.6,"De oito a doze"
"950","Solteiro(a)",32.1,"De uma a três"
"951","Solteiro(a)",34.3,"Mais de doze"
"952","Solteiro(a)",53.3,"De uma a três"
"953","Solteiro(a)",31.7,"Mais de doze"
"954","Solteiro(a)",49.8,"De oito a doze"
"955","Solteiro(a)",35.6,"Nenhuma, apenas assisto às aulas"
"956","Solteiro(a)",69.5,"De oito a doze"
"957","Solteiro(a)",51.1,"De uma a três"
"958","Casado(a)",46.8,"De uma a três"
"959","Solteiro(a)",35.5,"De quatro a sete"
"960","Solteiro(a)",42.8,"De uma a três"
"961","Solteiro(a)",33.4,"De uma a três"
"962","Solteiro(a)",35.6,"De uma a três"
"963","Solteiro(a)",55.7,"De quatro a sete"
"964","Solteiro(a)",54.3,"De oito a doze"
"965","Outro",66.3,"De quatro a sete"
"966","Solteiro(a)",37.4,"De uma a três"
"967","Solteiro(a)",59.1,"De uma a três"
"968","Solteiro(a)",37.6,"De oito a doze"
"969","Solteiro(a)",40.5,"De quatro a sete"
"970","Casado(a)",55.6,"De quatro a sete"
"971","Solteiro(a)",54.8,"De quatro a sete"
"972","Solteiro(a)",50.1,"De oito a doze"
"973","Solteiro(a)",42.9,"Mais de doze"
"974","Solteiro(a)",44.6,"De oito a doze"
"975","Solteiro(a)",39.7,"De oito a doze"
"976","Solteiro(a)",38.7,"De uma a três"
"977","Solteiro(a)",47.4,"De uma a três"
"978","Solteiro(a)",32.2,"De uma a três"
"979","Solteiro(a)",51.3,"De uma a três"
"980","Solteiro(a)",66,"De uma a três"
"981","Solteiro(a)",46.7,"De quatro a sete"
"982","Solteiro(a)",56.8,"De oito a doze"
"983","Casado(a)",53.5,"De uma a três"
"984","Solteiro(a)",41.9,"De quatro a sete"
"985","Solteiro(a)",52.2,"De uma a três"
"986","Solteiro(a)",69,"De quatro a sete"
"987","Solteiro(a)",34.1,"De quatro a sete"
"988","Solteiro(a)",48.4,"De uma a três"
"989","Solteiro(a)",39.7,"De oito a doze"
"990","Solteiro(a)",35.4,"De oito a doze"
"991","Solteiro(a)",46.1,"De oito a doze"
"992","Casado(a)",38.5,"De uma a três"
"993","Solteiro(a)",49.4,"De uma a três"
"994","Solteiro(a)",30.7,"De uma a três"
"995","Solteiro(a)",43.4,"Nenhuma, apenas assisto às aulas"
"996","Solteiro(a)",39.7,"De quatro a sete"
"997","Casado(a)",39.6,"De uma a três"
"998","Casado(a)",59.4,"De uma a três"
"999","Solteiro(a)",42.3,"Nenhuma, apenas assisto às aulas"
"1000","Solteiro(a)",43,"De oito a doze"
"1001","Solteiro(a)",50.8,"De quatro a sete"
"1002","Solteiro(a)",33.5,"De uma a três"
"1003","Solteiro(a)",33.6,"De quatro a sete"
"1004","Casado(a)",60.3,"De uma a três"
"1005","Solteiro(a)",51,"De quatro a sete"
"1006","Solteiro(a)",36.3,"De uma a três"
"1007","Solteiro(a)",43.9,"De oito a doze"
"1008","Casado(a)",23.8,"De uma a três"
"1009","Casado(a)",46,"De uma a três"
"1010","Casado(a)",18.4,"De uma a três"
"1011","Solteiro(a)",39.4,"De quatro a sete"
"1012","Solteiro(a)",56.9,"De oito a doze"
"1013","Solteiro(a)",29.3,"Mais de doze"
"1014","Solteiro(a)",61.3,"Mais de doze"
"1015","Solteiro(a)",32.9,"De quatro a sete"
"1016","Solteiro(a)",36.4,"De quatro a sete"
"1017","Solteiro(a)",53.4,"Mais de doze"
"1018","Solteiro(a)",35.3,"De quatro a sete"
"1019","Casado(a)",23.9,"Mais de doze"
"1020","Solteiro(a)",32.3,"De uma a três"
"1021","Solteiro(a)",40.4,"De oito a doze"
"1022","Solteiro(a)",43.8,"De quatro a sete"
"1023","Outro",33.7,"Mais de doze"
"1024","Solteiro(a)",34,"De quatro a sete"
"1025","Casado(a)",32.2,"De quatro a sete"
"1026","Casado(a)",37.1,"De oito a doze"
"1027","Solteiro(a)",33.3,"De uma a três"
"1028","Solteiro(a)",49.4,"De quatro a sete"
"1029","Solteiro(a)",28.1,"De oito a doze"
"1030","Solteiro(a)",39.8,"De quatro a sete"
"1031","Solteiro(a)",42.5,"Mais de doze"
"1032","Solteiro(a)",42.8,"De quatro a sete"
"1033","Solteiro(a)",45.7,"De oito a doze"
"1034","Solteiro(a)",43.9,"De uma a três"
"1035","Solteiro(a)",29.7,"De quatro a sete"
"1036","Solteiro(a)",38.8,"De oito a doze"
"1037","Solteiro(a)",32.1,"De oito a doze"
"1038","Solteiro(a)",32.3,"De oito a doze"
"1039","Solteiro(a)",25.9,"Mais de doze"
"1040","Solteiro(a)",37.3,"De oito a doze"
"1041","Solteiro(a)",35.5,"De oito a doze"
"1042","Solteiro(a)",29.9,"De uma a três"
"1043","Solteiro(a)",43.1,"De oito a doze"
"1044","Solteiro(a)",48.2,"De quatro a sete"
"1045","Solteiro(a)",47.5,"Mais de doze"
"1046","Solteiro(a)",36.1,"Mais de doze"
"1047","Solteiro(a)",38.1,"De uma a três"
"1048","Solteiro(a)",46.4,"De quatro a sete"
"1049","Solteiro(a)",37.2,"De quatro a sete"
"1050","Solteiro(a)",29.5,"De uma a três"
"1051","Solteiro(a)",32.4,"De quatro a sete"
"1052","Solteiro(a)",32.8,"De oito a doze"
"1053","Solteiro(a)",35.6,"Mais de doze"
"1054","Casado(a)",40.9,"De quatro a sete"
"1055","Solteiro(a)",25.9,"De oito a doze"
"1056","Casado(a)",39.7,"De uma a três"
"1057","Separado(a) judicialmente/divorciado(a)",41.5,"De uma a três"
"1058","Outro",43.2,"De quatro a sete"
"1059","Solteiro(a)",56.8,"De quatro a sete"
"1060","Solteiro(a)",44.6,"De uma a três"
"1061","Solteiro(a)",44,"De quatro a sete"
"1062","Solteiro(a)",51.4,"De quatro a sete"
"1063","Solteiro(a)",46,"De oito a doze"
"1064","Separado(a) judicialmente/divorciado(a)",44.9,"De oito a doze"
"1065","Solteiro(a)",45.2,"De quatro a sete"
"1066","Solteiro(a)",39.2,"Mais de doze"
"1067","Solteiro(a)",43.6,"De oito a doze"
"1068","Solteiro(a)",41.7,"De oito a doze"
"1069","Casado(a)",49.3,"De uma a três"
"1070","Solteiro(a)",55.1,"De oito a doze"
"1071","Outro",33.1,"De oito a doze"
"1072","Solteiro(a)",28.3,"De uma a três"
"1073","Solteiro(a)",46.6,"Mais de doze"
"1074","Casado(a)",42.6,"De uma a três"
"1075","Solteiro(a)",59.7,"De oito a doze"
"1076","Solteiro(a)",48.4,"Mais de doze"
"1077","Casado(a)",34.6,"De quatro a sete"
"1078","Solteiro(a)",30.1,"De uma a três"
"1079","Solteiro(a)",43.3,"De quatro a sete"
"1080","Solteiro(a)",53.6,"De oito a doze"
"1081","Solteiro(a)",33,"De quatro a sete"
"1082","Solteiro(a)",41.2,"De quatro a sete"
"1083","Solteiro(a)",51.6,"Mais de doze"
"1084","Solteiro(a)",54.5,"De quatro a sete"
"1085","Solteiro(a)",43.3,"Mais de doze"
"1086","Solteiro(a)",38.8,"De quatro a sete"
"1087","Solteiro(a)",58.3,"De oito a doze"
"1088","Solteiro(a)",48.7,"De uma a três"
"1089","Solteiro(a)",53.6,"De quatro a sete"
"1090","Solteiro(a)",58.5,"De uma a três"
"1091","Solteiro(a)",48.8,"De uma a três"
"1092","Solteiro(a)",59.5,"Mais de doze"
"1093","Solteiro(a)",54,"De oito a doze"
"1094","Separado(a) judicialmente/divorciado(a)",30,"Mais de doze"
"1095","Solteiro(a)",47.8,"De quatro a sete"
"1096","Solteiro(a)",37.9,"De uma a três"
"1097","Solteiro(a)",35.8,"De quatro a sete"
"1098","Solteiro(a)",53.2,"De quatro a sete"
"1099","Solteiro(a)",55.3,"De uma a três"
"1100","Solteiro(a)",55.3,"Mais de doze"
"1101","Solteiro(a)",56.6,"De quatro a sete"
"1102","Solteiro(a)",29.3,"De oito a doze"
"1103","Casado(a)",56.8,"De quatro a sete"
"1104","Solteiro(a)",36,"De uma a três"
"1105","Solteiro(a)",28.9,"De uma a três"
"1106",NA,33.1,NA
"1107","Solteiro(a)",42.9,"De uma a três"
"1108","Solteiro(a)",37.4,"De uma a três"
"1109","Solteiro(a)",33.2,"De uma a três"
"1110","Solteiro(a)",48.4,"De oito a doze"
"1111","Solteiro(a)",26.2,"De uma a três"
"1112","Solteiro(a)",44.8,"De oito a doze"
"1113","Solteiro(a)",26,"De quatro a sete"
"1114","Outro",48.2,"De oito a doze"
"1115","Solteiro(a)",32.9,"De quatro a sete"
"1116","Solteiro(a)",22.4,"De uma a três"
"1117","Solteiro(a)",38.8,"De oito a doze"
"1118","Solteiro(a)",36.3,"De quatro a sete"
"1119","Solteiro(a)",24.7,"De uma a três"
"1120","Solteiro(a)",43.2,"De quatro a sete"
"1121","Solteiro(a)",43.6,"De oito a doze"
"1122","Solteiro(a)",36.1,"De oito a doze"
"1123","Casado(a)",26.2,"De quatro a sete"
"1124","Solteiro(a)",33.1,"De quatro a sete"
"1125","Solteiro(a)",46.8,"Mais de doze"
"1126","Solteiro(a)",24.3,"De uma a três"
"1127","Solteiro(a)",30.8,"De quatro a sete"
"1128","Solteiro(a)",28.6,"De oito a doze"
"1129","Solteiro(a)",23.6,"De uma a três"
"1130","Solteiro(a)",53.8,"De quatro a sete"
"1131","Separado(a) judicialmente/divorciado(a)",13.4,"De uma a três"
"1132","Solteiro(a)",24,"De oito a doze"
"1133","Casado(a)",23.4,"De quatro a sete"
"1134","Solteiro(a)",29.1,"De uma a três"
"1135","Solteiro(a)",44,"De oito a doze"
"1136","Solteiro(a)",26.4,"De quatro a sete"
"1137","Solteiro(a)",42.9,"De oito a doze"
"1138","Solteiro(a)",47.2,"De quatro a sete"
"1139","Solteiro(a)",27,"De oito a doze"
"1140","Solteiro(a)",37.2,"Mais de doze"
"1141","Solteiro(a)",44.3,"De uma a três"
"1142","Solteiro(a)",32.4,"De quatro a sete"
"1143","Solteiro(a)",26.9,"De quatro a sete"
"1144","Solteiro(a)",45.3,"De uma a três"
"1145","Solteiro(a)",55.7,"Mais de doze"
"1146","Solteiro(a)",43.7,"Mais de doze"
"1147","Solteiro(a)",42.6,"De oito a doze"
"1148","Solteiro(a)",27.9,"De oito a doze"
"1149","Solteiro(a)",30.7,"De oito a doze"
"1150","Solteiro(a)",28,"De quatro a sete"
"1151","Solteiro(a)",54,"De uma a três"
"1152","Solteiro(a)",26.1,"De uma a três"
"1153","Solteiro(a)",66.4,"De oito a doze"
"1154","Solteiro(a)",27.3,"Mais de doze"
"1155","Solteiro(a)",27,"De uma a três"
"1156","Outro",52.2,"De quatro a sete"
"1157","Solteiro(a)",54.2,"De quatro a sete"
"1158","Solteiro(a)",16.4,"De uma a três"
"1159","Casado(a)",50.7,"Mais de doze"
"1160","Solteiro(a)",35.9,"De oito a doze"
"1161","Solteiro(a)",53.1,"De uma a três"
"1162","Solteiro(a)",37.4,"De oito a doze"
"1163","Solteiro(a)",41.2,"De quatro a sete"
"1164","Solteiro(a)",34.2,"De uma a três"
"1165","Solteiro(a)",37.1,"De quatro a sete"
"1166","Solteiro(a)",43.4,"De quatro a sete"
"1167","Solteiro(a)",34.1,"De quatro a sete"
"1168","Solteiro(a)",42.7,"De uma a três"
"1169","Solteiro(a)",56.3,"Mais de doze"
"1170","Solteiro(a)",52.4,"De uma a três"
"1171","Solteiro(a)",36.1,"De oito a doze"
"1172","Solteiro(a)",48.1,"De oito a doze"
"1173","Solteiro(a)",27.7,"De quatro a sete"
"1174","Solteiro(a)",49.4,"De oito a doze"
"1175","Solteiro(a)",49.6,"De oito a doze"
"1176","Solteiro(a)",41.9,"Mais de doze"
"1177","Solteiro(a)",63.1,"Mais de doze"
"1178","Solteiro(a)",41.5,"Mais de doze"
"1179","Solteiro(a)",22.7,"De quatro a sete"
"1180","Solteiro(a)",45.9,"Mais de doze"
"1181","Solteiro(a)",53.1,"De quatro a sete"
"1182","Solteiro(a)",53.2,"De uma a três"
"1183","Solteiro(a)",45.1,"Mais de doze"
"1184","Solteiro(a)",41.8,"De quatro a sete"
"1185","Solteiro(a)",28.5,"Mais de doze"
"1186","Solteiro(a)",38.1,"De uma a três"
"1187","Solteiro(a)",58.3,"De quatro a sete"
"1188","Solteiro(a)",33.3,"Mais de doze"
"1189","Solteiro(a)",48.1,"Mais de doze"
"1190","Solteiro(a)",47.4,"De quatro a sete"
"1191","Solteiro(a)",37.8,"De uma a três"
"1192","Solteiro(a)",44.1,"De quatro a sete"
"1193","Solteiro(a)",57.1,"Mais de doze"
"1194","Solteiro(a)",68.5,"De oito a doze"
"1195","Solteiro(a)",55.3,"De oito a doze"
"1196","Solteiro(a)",47.9,"Mais de doze"
"1197","Solteiro(a)",42.6,"De oito a doze"
"1198","Solteiro(a)",43.9,"De oito a doze"
"1199","Solteiro(a)",39.2,"Mais de doze"
"1200","Solteiro(a)",46.3,"De quatro a sete"
"1201","Solteiro(a)",41.7,"De quatro a sete"
"1202","Casado(a)",45,"De uma a três"
"1203","Casado(a)",35,"De uma a três"
"1204","Outro",54.9,"De uma a três"
"1205","Solteiro(a)",44.9,"Mais de doze"
"1206","Casado(a)",49.4,"De quatro a sete"
"1207","Solteiro(a)",39.8,"De uma a três"
"1208","Solteiro(a)",34.1,"De uma a três"
"1209","Solteiro(a)",47.4,"De quatro a sete"
"1210","Solteiro(a)",46.2,"De quatro a sete"
"1211","Solteiro(a)",52.1,"De quatro a sete"
"1212","Casado(a)",47.4,"De oito a doze"
"1213","Casado(a)",49.3,"De uma a três"
"1214","Casado(a)",30.4,"De quatro a sete"
"1215","Solteiro(a)",44.3,"De quatro a sete"
"1216","Solteiro(a)",39.5,"De uma a três"
"1217","Solteiro(a)",35,"De uma a três"
"1218","Solteiro(a)",59,"Mais de doze"
"1219","Solteiro(a)",31.5,"De oito a doze"
"1220","Solteiro(a)",54.7,"Mais de doze"
"1221","Casado(a)",43,"De uma a três"
"1222","Solteiro(a)",57.8,"De uma a três"
"1223","Solteiro(a)",60.8,"De uma a três"
"1224","Solteiro(a)",44.2,"De quatro a sete"
"1225","Solteiro(a)",65.3,"De quatro a sete"
"1226","Casado(a)",43.1,"Nenhuma, apenas assisto às aulas"
"1227","Solteiro(a)",49.2,"De quatro a sete"
"1228","Casado(a)",39.1,"De uma a três"
"1229","Viúvo(a)",50.6,"De uma a três"
"1230","Solteiro(a)",64.4,"Mais de doze"
"1231","Casado(a)",43.4,"De uma a três"
"1232","Solteiro(a)",49.2,"De uma a três"
"1233","Solteiro(a)",34.9,"De quatro a sete"
"1234","Solteiro(a)",46.5,"De uma a três"
"1235","Casado(a)",63.1,"De oito a doze"
"1236","Solteiro(a)",48.1,"De oito a doze"
"1237","Solteiro(a)",60.4,"De quatro a sete"
"1238","Casado(a)",22.8,"De quatro a sete"
"1239","Separado(a) judicialmente/divorciado(a)",34.4,"De uma a três"
"1240","Solteiro(a)",49.6,"De quatro a sete"
"1241","Solteiro(a)",43.6,"De uma a três"
"1242","Solteiro(a)",36.7,"De quatro a sete"
"1243","Solteiro(a)",44.3,"De uma a três"
"1244","Solteiro(a)",61.5,"De oito a doze"
"1245","Solteiro(a)",43.3,"De quatro a sete"
"1246","Solteiro(a)",46.8,"De uma a três"
"1247","Solteiro(a)",40.7,"De uma a três"
"1248","Solteiro(a)",59.2,"Mais de doze"
"1249","Solteiro(a)",27.1,"De uma a três"
"1250","Solteiro(a)",74.6,"De uma a três"
"1251","Solteiro(a)",57.2,"De quatro a sete"
"1252","Casado(a)",35.8,"De quatro a sete"
"1253","Solteiro(a)",52.4,"De quatro a sete"
"1254","Outro",45.5,"De uma a três"
"1255","Solteiro(a)",73.3,"De uma a três"
"1256","Solteiro(a)",73.9,"Mais de doze"
"1257","Solteiro(a)",42.3,"De oito a doze"
"1258","Solteiro(a)",45.1,"De quatro a sete"
"1259","Solteiro(a)",59.5,"De oito a doze"
"1260","Solteiro(a)",48.9,"De quatro a sete"
"1261","Solteiro(a)",46.1,"De uma a três"
"1262","Solteiro(a)",43.2,"De quatro a sete"
"1263","Solteiro(a)",42.8,"De oito a doze"
"1264","Solteiro(a)",37.3,"De uma a três"
"1265","Solteiro(a)",62.6,"Mais de doze"
"1266","Solteiro(a)",42,"Mais de doze"
"1267","Solteiro(a)",27.1,"De quatro a sete"
"1268","Solteiro(a)",45.6,"De quatro a sete"
"1269","Solteiro(a)",29.7,"De uma a três"
"1270","Solteiro(a)",53,"De quatro a sete"
"1271","Solteiro(a)",63.8,"De uma a três"
"1272","Solteiro(a)",56.3,"Mais de doze"
"1273","Solteiro(a)",49.1,"De quatro a sete"
"1274","Solteiro(a)",47.5,"De uma a três"
"1275","Solteiro(a)",65.8,"De uma a três"
"1276","Solteiro(a)",35.6,"De uma a três"
"1277","Solteiro(a)",39.9,"De quatro a sete"
"1278",NA,56.3,NA
"1279","Casado(a)",46.7,"De oito a doze"
"1280","Solteiro(a)",57.6,"De oito a doze"
"1281","Solteiro(a)",18.8,"De uma a três"
"1282","Solteiro(a)",44.2,"De uma a três"
"1283","Solteiro(a)",70.9,"De oito a doze"
"1284","Casado(a)",52.6,"De uma a três"
"1285","Solteiro(a)",38.7,"De uma a três"
"1286",NA,70.3,NA
"1287","Solteiro(a)",61.9,"De uma a três"
"1288","Solteiro(a)",62.5,"De oito a doze"
"1289","Solteiro(a)",50.8,"De oito a doze"
"1290","Outro",31.8,"De uma a três"
"1291","Solteiro(a)",43.9,"De uma a três"
"1292","Solteiro(a)",28.3,"De uma a três"
"1293","Solteiro(a)",68.6,"De quatro a sete"
"1294","Solteiro(a)",49.3,"De quatro a sete"
"1295","Solteiro(a)",47.2,"De quatro a sete"
"1296","Solteiro(a)",62.5,"De uma a três"
"1297","Solteiro(a)",41.4,"De quatro a sete"
"1298","Separado(a) judicialmente/divorciado(a)",54.3,"Mais de doze"
"1299","Solteiro(a)",65.2,"Mais de doze"
"1300","Solteiro(a)",72.4,"Mais de doze"
"1301","Solteiro(a)",79,"Mais de doze"
"1302","Solteiro(a)",45.3,"Mais de doze"
"1303","Solteiro(a)",40.3,"Mais de doze"
"1304","Solteiro(a)",60.3,"Mais de doze"
"1305","Solteiro(a)",48.2,"Mais de doze"
"1306","Solteiro(a)",36.6,"De quatro a sete"
"1307","Solteiro(a)",30.7,"De quatro a sete"
"1308","Solteiro(a)",40.6,"De quatro a sete"
"1309","Solteiro(a)",34.4,"De uma a três"
"1310","Solteiro(a)",35.7,"De uma a três"
"1311","Solteiro(a)",36.9,"De oito a doze"
"1312","Solteiro(a)",49,"De oito a doze"
"1313","Solteiro(a)",28.4,"De uma a três"
"1314","Casado(a)",51,"De uma a três"
"1315","Solteiro(a)",47.5,"Mais de doze"
"1316","Solteiro(a)",46.7,"Mais de doze"
"1317","Casado(a)",42.3,"De uma a três"
"1318","Outro",44.5,"De uma a três"
"1319","Solteiro(a)",35,"De uma a três"
"1320","Solteiro(a)",29.7,"De quatro a sete"
"1321","Solteiro(a)",28.8,"De quatro a sete"
"1322","Casado(a)",44.2,"De uma a três"
"1323","Solteiro(a)",46.3,"Mais de doze"
"1324","Solteiro(a)",49,"De quatro a sete"
"1325","Solteiro(a)",30.8,"De quatro a sete"
"1326","Solteiro(a)",39.2,"Mais de doze"
"1327","Solteiro(a)",42.8,"Mais de doze"
"1328","Solteiro(a)",30.9,"De uma a três"
"1329","Solteiro(a)",26.8,"De quatro a sete"
"1330","Solteiro(a)",40.4,"Mais de doze"
"1331","Solteiro(a)",20.5,"De uma a três"
"1332","Solteiro(a)",42.1,"De quatro a sete"
"1333","Solteiro(a)",46.4,"De oito a doze"
"1334","Solteiro(a)",34,"De quatro a sete"
"1335","Solteiro(a)",16.8,"De uma a três"
"1336","Solteiro(a)",42.2,"De uma a três"
"1337","Solteiro(a)",33.9,"De uma a três"
"1338","Solteiro(a)",31,"De uma a três"
"1339","Solteiro(a)",39.5,"Mais de doze"
"1340","Solteiro(a)",37.9,"Mais de doze"
"1341","Solteiro(a)",9.1,"De uma a três"
"1342","Solteiro(a)",48.8,"Mais de doze"
"1343","Solteiro(a)",28.5,"De oito a doze"
"1344","Solteiro(a)",23.5,"Mais de doze"
"1345","Solteiro(a)",21.6,"De quatro a sete"
"1346","Solteiro(a)",27.7,"De uma a três"
"1347","Solteiro(a)",40.8,"De oito a doze"
"1348","Solteiro(a)",31.3,"De quatro a sete"
"1349","Solteiro(a)",42.1,"De quatro a sete"
"1350","Solteiro(a)",18.8,"De quatro a sete"
"1351","Solteiro(a)",30.2,"De quatro a sete"
"1352","Solteiro(a)",40.9,"De quatro a sete"
"1353","Solteiro(a)",34.3,"De quatro a sete"
"1354","Solteiro(a)",37.5,"De quatro a sete"
"1355","Solteiro(a)",29.6,"De quatro a sete"
"1356","Solteiro(a)",39.4,"De quatro a sete"
"1357",NA,37.6,NA
"1358","Solteiro(a)",51.4,"De uma a três"
"1359","Solteiro(a)",38.3,"De oito a doze"
"1360","Solteiro(a)",47.8,"Mais de doze"
"1361","Solteiro(a)",57.6,"De oito a doze"
"1362","Solteiro(a)",46.8,"De quatro a sete"
"1363","Solteiro(a)",33.6,"Mais de doze"
"1364","Solteiro(a)",21.3,"De quatro a sete"
"1365","Solteiro(a)",32.5,"De uma a três"
"1366","Solteiro(a)",30.6,"De oito a doze"
"1367","Solteiro(a)",31.4,"De quatro a sete"
"1368","Solteiro(a)",49.2,"De uma a três"
"1369","Solteiro(a)",44.1,"De oito a doze"
"1370",NA,55.6,NA
"1371","Solteiro(a)",48.5,"De quatro a sete"
"1372","Solteiro(a)",49.8,"De quatro a sete"
"1373",NA,54.3,NA
"1374","Solteiro(a)",42,"De oito a doze"
"1375","Solteiro(a)",54,"De uma a três"
"1376","Solteiro(a)",46.2,"De quatro a sete"
"1377","Solteiro(a)",28.1,"De uma a três"
"1378","Solteiro(a)",42.4,"Mais de doze"
"1379",NA,40.1,NA
"1380","Solteiro(a)",58.4,"Mais de doze"
"1381",NA,33.2,NA
"1382","Solteiro(a)",30.7,"De oito a doze"
"1383","Outro",34.6,"De quatro a sete"
"1384",NA,29.6,NA
"1385","Casado(a)",37.2,"De oito a doze"
"1386","Solteiro(a)",29.4,"De uma a três"
"1387","Solteiro(a)",60.6,"De uma a três"
"1388","Solteiro(a)",40,"De uma a três"
"1389","Solteiro(a)",50.2,"De uma a três"
"1390","Solteiro(a)",43.3,"De uma a três"
"1391","Solteiro(a)",38.1,"De uma a três"
"1392","Solteiro(a)",66.3,"De uma a três"
"1393","Solteiro(a)",46.4,"De uma a três"
"1394","Solteiro(a)",41.9,"De quatro a sete"
"1395","Solteiro(a)",32.7,"De uma a três"
"1396","Casado(a)",34.9,"De uma a três"
"1397","Outro",40.7,"De uma a três"
"1398",NA,39.8,NA
"1399","Casado(a)",63.8,"De uma a três"
"1400","Casado(a)",40.7,"Mais de doze"
"1401","Solteiro(a)",56.6,"De uma a três"
"1402","Solteiro(a)",53.6,"De uma a três"
"1403","Casado(a)",35.7,"De oito a doze"
"1404","Outro",47.4,"Mais de doze"
"1405","Solteiro(a)",50.8,"De quatro a sete"
"1406","Solteiro(a)",41.5,"De uma a três"
"1407","Solteiro(a)",56.4,"De quatro a sete"
"1408","Solteiro(a)",45.2,"Mais de doze"
"1409","Solteiro(a)",35.9,"De uma a três"
"1410","Viúvo(a)",37.6,"De oito a doze"
"1411",NA,13.2,NA
"1412","Solteiro(a)",54.2,"De oito a doze"
"1413","Solteiro(a)",53.6,"Mais de doze"
"1414","Solteiro(a)",40.6,"De quatro a sete"
"1415","Solteiro(a)",35.9,"De uma a três"
"1416","Solteiro(a)",43.9,"De quatro a sete"
"1417","Solteiro(a)",45.3,"De uma a três"
"1418","Solteiro(a)",39.5,"De quatro a sete"
"1419","Solteiro(a)",26.4,"De uma a três"
"1420","Solteiro(a)",53.3,"Mais de doze"
"1421","Solteiro(a)",40.6,"De quatro a sete"
"1422","Solteiro(a)",51.6,"Mais de doze"
"1423","Solteiro(a)",10.9,"De uma a três"
"1424","Solteiro(a)",27.2,"De quatro a sete"
"1425","Outro",35.9,"De quatro a sete"
"1426","Solteiro(a)",43.4,"De quatro a sete"
"1427","Solteiro(a)",47.9,"De uma a três"
"1428","Solteiro(a)",42.6,"Mais de doze"
"1429","Casado(a)",23.8,"De oito a doze"
"1430","Solteiro(a)",51.7,"De oito a doze"
"1431","Solteiro(a)",35,"De uma a três"
"1432","Solteiro(a)",44,"De uma a três"
"1433","Casado(a)",43.1,"De uma a três"
"1434","Solteiro(a)",65.4,"De quatro a sete"
"1435","Solteiro(a)",73.6,"Mais de doze"
"1436","Solteiro(a)",73.9,"De quatro a sete"
"1437","Solteiro(a)",47.6,"De quatro a sete"
"1438","Solteiro(a)",29.9,"Mais de doze"
"1439","Solteiro(a)",65.8,"De quatro a sete"
"1440","Solteiro(a)",40.6,"De quatro a sete"
"1441","Solteiro(a)",75.8,"De oito a doze"
"1442","Solteiro(a)",68.8,"Mais de doze"
"1443","Solteiro(a)",64.7,"Mais de doze"
"1444","Solteiro(a)",50.6,"Mais de doze"
"1445","Casado(a)",68.2,"De uma a três"
"1446","Solteiro(a)",75.1,"Mais de doze"
"1447","Solteiro(a)",71.1,"De uma a três"
"1448","Solteiro(a)",53.7,"De uma a três"
"1449","Solteiro(a)",62.3,"De oito a doze"
"1450","Solteiro(a)",70,"Mais de doze"
"1451","Solteiro(a)",73,"De oito a doze"
"1452","Solteiro(a)",53.3,"De uma a três"
"1453","Solteiro(a)",39.8,"De oito a doze"
"1454","Solteiro(a)",80.2,"De oito a doze"
"1455","Solteiro(a)",68.5,"Mais de doze"
"1456","Solteiro(a)",55.7,"De quatro a sete"
"1457","Solteiro(a)",70.1,"De quatro a sete"
"1458","Solteiro(a)",76.4,"De oito a doze"
"1459","Solteiro(a)",76.9,"De uma a três"
"1460","Solteiro(a)",64.7,"De quatro a sete"
"1461","Solteiro(a)",76.4,"De oito a doze"
"1462","Solteiro(a)",60.5,"Mais de doze"
"1463","Solteiro(a)",77.8,"De quatro a sete"
"1464","Solteiro(a)",64.5,"Mais de doze"
"1465","Solteiro(a)",60.5,"Mais de doze"
"1466","Solteiro(a)",65.2,"De uma a três"
"1467","Separado(a) judicialmente/divorciado(a)",64,"De quatro a sete"
"1468","Solteiro(a)",50,"De quatro a sete"
"1469","Solteiro(a)",84.8,"De quatro a sete"
"1470","Solteiro(a)",70.1,"De oito a doze"
"1471","Solteiro(a)",77,"Mais de doze"
"1472","Solteiro(a)",66.1,"De oito a doze"
"1473","Solteiro(a)",62.6,"De oito a doze"
"1474","Solteiro(a)",56.5,"De quatro a sete"
"1475","Solteiro(a)",61.2,"De quatro a sete"
"1476","Solteiro(a)",64.9,"De oito a doze"
"1477","Solteiro(a)",66.8,"De oito a doze"
"1478","Solteiro(a)",73.7,"De quatro a sete"
"1479","Solteiro(a)",53.1,"De quatro a sete"
"1480","Solteiro(a)",74.6,"Mais de doze"
"1481","Solteiro(a)",53.9,"Mais de doze"
"1482","Solteiro(a)",38.2,"De quatro a sete"
"1483","Solteiro(a)",34,"De quatro a sete"
"1484","Solteiro(a)",32.6,"De quatro a sete"
"1485","Separado(a) judicialmente/divorciado(a)",40.6,"Mais de doze"
"1486","Solteiro(a)",43.6,"De quatro a sete"
"1487","Solteiro(a)",39.9,"De oito a doze"
"1488","Solteiro(a)",69.7,"Mais de doze"
"1489","Casado(a)",44.4,"Mais de doze"
"1490","Solteiro(a)",53.8,"De quatro a sete"
"1491","Solteiro(a)",33.5,"De uma a três"
"1492","Solteiro(a)",29,"De uma a três"
"1493","Casado(a)",27.8,"De oito a doze"
"1494","Solteiro(a)",51.7,"De quatro a sete"
"1495","Solteiro(a)",40.7,"Mais de doze"
"1496","Solteiro(a)",49.1,"De oito a doze"
"1497","Solteiro(a)",48.7,"De quatro a sete"
"1498","Outro",33.8,"De uma a três"
"1499","Solteiro(a)",39.7,"De uma a três"
"1500","Casado(a)",29.8,"Mais de doze"
"1501","Casado(a)",16.3,"Mais de doze"
"1502","Casado(a)",46.8,"De uma a três"
"1503","Solteiro(a)",49.8,"De uma a três"
"1504","Solteiro(a)",46.9,"De uma a três"
"1505","Solteiro(a)",40.3,"De quatro a sete"
"1506","Casado(a)",34.2,"De oito a doze"
"1507","Solteiro(a)",25.3,"De quatro a sete"
"1508","Casado(a)",36.7,"De uma a três"
"1509","Solteiro(a)",34.4,"De oito a doze"
"1510","Separado(a) judicialmente/divorciado(a)",38,"De oito a doze"
"1511","Outro",47.7,"De quatro a sete"
"1512","Solteiro(a)",33.3,"De oito a doze"
"1513","Solteiro(a)",41.6,"De oito a doze"
"1514","Solteiro(a)",49.4,"Mais de doze"
"1515","Casado(a)",29.8,"De uma a três"
"1516","Solteiro(a)",45.8,"De oito a doze"
"1517","Solteiro(a)",28.4,"De quatro a sete"
"1518","Solteiro(a)",43,"De uma a três"
"1519","Solteiro(a)",63.1,"De quatro a sete"
"1520","Solteiro(a)",37.2,"De uma a três"
"1521","Solteiro(a)",32.8,"De quatro a sete"
"1522","Solteiro(a)",48,"De uma a três"
"1523","Solteiro(a)",23.9,"De uma a três"
"1524","Casado(a)",27.3,"De uma a três"
"1525","Casado(a)",31.5,"De oito a doze"
"1526","Solteiro(a)",28.5,"Mais de doze"
"1527","Solteiro(a)",31.1,"De quatro a sete"
"1528","Solteiro(a)",35.9,"De uma a três"
"1529","Solteiro(a)",21.9,"De uma a três"
"1530","Casado(a)",31.2,"De uma a três"
"1531","Solteiro(a)",37.2,"De oito a doze"
"1532","Solteiro(a)",58.5,"De oito a doze"
"1533","Solteiro(a)",20.2,"De uma a três"
"1534","Casado(a)",49.4,"De uma a três"
"1535",NA,45.5,NA
"1536","Solteiro(a)",36.6,"De quatro a sete"
"1537","Solteiro(a)",48.4,"De uma a três"
"1538","Solteiro(a)",55,"Nenhuma, apenas assisto às aulas"
"1539","Casado(a)",59.4,"Mais de doze"
"1540","Solteiro(a)",32.1,"De uma a três"
"1541","Solteiro(a)",64.6,"De oito a doze"
"1542","Solteiro(a)",45.7,"De quatro a sete"
"1543","Casado(a)",45.2,"De uma a três"
"1544","Solteiro(a)",55,"De oito a doze"
"1545","Solteiro(a)",35,"De quatro a sete"
"1546","Solteiro(a)",63.2,"De oito a doze"
"1547","Solteiro(a)",47.2,"De uma a três"
"1548","Solteiro(a)",49.9,"De quatro a sete"
"1549","Solteiro(a)",52.5,"De oito a doze"
"1550","Solteiro(a)",44.9,"De quatro a sete"
"1551","Solteiro(a)",64,"De quatro a sete"
"1552","Solteiro(a)",36.5,"De uma a três"
"1553","Solteiro(a)",73.9,"De oito a doze"
"1554","Solteiro(a)",52.7,"De uma a três"
"1555","Separado(a) judicialmente/divorciado(a)",63.5,"De quatro a sete"
"1556","Solteiro(a)",53,"De uma a três"
"1557","Solteiro(a)",51.7,"Mais de doze"
"1558","Solteiro(a)",36.2,"De quatro a sete"
"1559","Solteiro(a)",42.2,"De oito a doze"
"1560","Solteiro(a)",75.4,"De uma a três"
"1561","Solteiro(a)",45.4,"De quatro a sete"
"1562","Solteiro(a)",43.8,"Mais de doze"
"1563","Solteiro(a)",52.7,"De oito a doze"
"1564","Solteiro(a)",51.2,"De oito a doze"
"1565","Solteiro(a)",53.6,"De quatro a sete"
"1566","Casado(a)",65.2,"De uma a três"
"1567","Solteiro(a)",32.5,"De oito a doze"
"1568","Solteiro(a)",43.4,"De uma a três"
"1569","Casado(a)",32.6,"De oito a doze"
"1570","Casado(a)",62.1,"Nenhuma, apenas assisto às aulas"
"1571","Solteiro(a)",66.2,"De uma a três"
"1572","Separado(a) judicialmente/divorciado(a)",44.5,"De uma a três"
"1573","Solteiro(a)",63.9,"De quatro a sete"
"1574","Casado(a)",68.2,"De uma a três"
"1575","Solteiro(a)",41.6,"Mais de doze"
"1576","Solteiro(a)",41.4,"De oito a doze"
"1577","Solteiro(a)",31.7,"De quatro a sete"
"1578","Solteiro(a)",64.5,"Mais de doze"
"1579","Solteiro(a)",66.3,"De oito a doze"
"1580","Solteiro(a)",69.3,"De uma a três"
"1581","Solteiro(a)",38.6,"De quatro a sete"
"1582","Solteiro(a)",54.3,"De quatro a sete"
"1583","Solteiro(a)",50.1,"De uma a três"
"1584","Casado(a)",56.5,"De oito a doze"
"1585","Casado(a)",41.2,"De uma a três"
"1586","Solteiro(a)",52,"De oito a doze"
"1587","Casado(a)",62.7,"Mais de doze"
"1588","Solteiro(a)",35.9,"De uma a três"
"1589","Casado(a)",51.7,"De uma a três"
"1590","Solteiro(a)",50.5,"De uma a três"
"1591","Solteiro(a)",66.1,"De oito a doze"
"1592","Solteiro(a)",55.2,"Mais de doze"
"1593","Casado(a)",43.5,"De quatro a sete"
"1594","Solteiro(a)",54.9,"De quatro a sete"
"1595","Solteiro(a)",49.3,"De uma a três"
"1596","Solteiro(a)",52.1,"Mais de doze"
"1597","Casado(a)",40,"De quatro a sete"
"1598","Solteiro(a)",54.1,"De quatro a sete"
"1599","Outro",53.8,"Mais de doze"
"1600","Outro",55.7,"De oito a doze"
"1601","Casado(a)",74,"De quatro a sete"
"1602","Solteiro(a)",48.1,"De quatro a sete"
"1603","Solteiro(a)",42,"De uma a três"
"1604","Solteiro(a)",48.8,"De oito a doze"
"1605","Solteiro(a)",53.1,"Mais de doze"
"1606","Solteiro(a)",57.7,"De oito a doze"
"1607","Solteiro(a)",47.3,"De uma a três"
"1608","Solteiro(a)",61,"De oito a doze"
"1609","Solteiro(a)",63.8,"De uma a três"
"1610","Solteiro(a)",53.9,"De quatro a sete"
"1611","Solteiro(a)",59.9,"De uma a três"
"1612","Solteiro(a)",58.3,"De oito a doze"
"1613","Solteiro(a)",49,"De quatro a sete"
"1614","Solteiro(a)",38.8,"De uma a três"
"1615","Solteiro(a)",43,"De quatro a sete"
"1616","Casado(a)",46.5,"De uma a três"
"1617","Solteiro(a)",52.4,"De uma a três"
"1618","Solteiro(a)",57.5,"De oito a doze"
"1619","Casado(a)",21.4,"De uma a três"
"1620","Solteiro(a)",45.4,"Mais de doze"
"1621","Solteiro(a)",41.5,"De uma a três"
"1622","Casado(a)",54.3,"De quatro a sete"
"1623","Solteiro(a)",59.5,"De uma a três"
"1624","Casado(a)",54.4,"De quatro a sete"
"1625","Solteiro(a)",47.4,"De oito a doze"
"1626","Solteiro(a)",32.6,"De uma a três"
"1627","Solteiro(a)",55.5,"De uma a três"
"1628","Solteiro(a)",26.6,"Nenhuma, apenas assisto às aulas"
"1629","Solteiro(a)",37.6,"De uma a três"
"1630","Solteiro(a)",59.8,"De uma a três"
"1631","Solteiro(a)",27.1,"De oito a doze"
"1632","Solteiro(a)",42.6,"Nenhuma, apenas assisto às aulas"
"1633","Solteiro(a)",59.1,"De uma a três"
"1634","Solteiro(a)",38.5,"Mais de doze"
"1635","Casado(a)",47.4,"De quatro a sete"
"1636","Casado(a)",41.3,"Mais de doze"
"1637","Solteiro(a)",51.2,"De quatro a sete"
"1638","Solteiro(a)",55.4,"De uma a três"
"1639","Solteiro(a)",42.4,"De quatro a sete"
"1640","Solteiro(a)",47.6,"De uma a três"
"1641","Solteiro(a)",39.7,"De uma a três"
"1642","Solteiro(a)",64.2,"Mais de doze"
"1643","Solteiro(a)",60.2,"De oito a doze"
"1644","Casado(a)",38.6,"De quatro a sete"
"1645","Solteiro(a)",69.2,"De oito a doze"
"1646","Solteiro(a)",54.3,"Mais de doze"
"1647","Solteiro(a)",60.8,"De oito a doze"
"1648","Casado(a)",34.8,"De uma a três"
"1649","Casado(a)",46.9,"De quatro a sete"
"1650","Solteiro(a)",47.6,"Mais de doze"
"1651","Casado(a)",39.7,"De uma a três"
"1652","Solteiro(a)",48.2,"De quatro a sete"
"1653","Casado(a)",33.9,"De oito a doze"
"1654","Solteiro(a)",47,"De uma a três"
"1655","Solteiro(a)",51.2,"De quatro a sete"
"1656","Solteiro(a)",55.3,"De oito a doze"
"1657","Solteiro(a)",79.5,"Mais de doze"
"1658","Solteiro(a)",62.5,"De oito a doze"
"1659","Solteiro(a)",50.4,"De quatro a sete"
"1660","Solteiro(a)",32.8,"De quatro a sete"
"1661","Solteiro(a)",27.1,"De oito a doze"
"1662","Solteiro(a)",62.3,"De oito a doze"
"1663","Solteiro(a)",38.1,"De uma a três"
"1664","Casado(a)",38.3,"De oito a doze"
"1665","Solteiro(a)",48.6,"De uma a três"
"1666","Solteiro(a)",51.8,"De oito a doze"
"1667","Solteiro(a)",51.1,"De oito a doze"
"1668","Solteiro(a)",50.1,"De quatro a sete"
"1669","Solteiro(a)",41.9,"De oito a doze"
"1670","Solteiro(a)",46.7,"De quatro a sete"
"1671","Solteiro(a)",34.9,"De quatro a sete"
"1672","Solteiro(a)",NA,"Mais de doze"
