"","Seu ingresso no curso de graduação se deu por meio de políticas de ação afirmativa ou inclusão social?","NT_GER","Alguém em sua família concluiu um curso superior?","Qual é a sua cor ou raça?","Resumo_cotas"
"1","Não",36.4,"Sim","Amarela","Não"
"2","Não",66.3,"Não","Parda","Não"
"3","Não",27.3,"Não","Branca","Não"
"4","Não",54.6,"Sim","Branca","Não"
"5","Não",34.8,"Sim","Parda","Não"
"6","Não",44.2,"Não","Parda","Não"
"7","Não",34.1,"Não","Parda","Não"
"8","Sim, por ter estudado em escola pública ou particular com bolsa de estudos",38.9,"Sim","Branca","Sim"
"9","Não",47.6,"Sim","Parda","Não"
"10","Não",41.4,"Não","Parda","Não"
"11","Não",58.3,"Sim","Parda","Não"
"12","Sim, por sistema que combina dois ou mais critérios anteriores",41.1,"Não","Parda","Sim"
"13","Não",42.5,"Não","Parda","Não"
"14","Não",61.2,"Não","Não quero declarar","Não"
"15","Sim, por critério de renda",35,"Não","Amarela","Sim"
"16","Não",52.9,"Sim","Parda","Não"
"17","Não",24.2,"Não","Parda","Não"
"18","Sim, por ter estudado em escola pública ou particular com bolsa de estudos",40.3,"Sim","Branca","Sim"
"19","Sim, por ter estudado em escola pública ou particular com bolsa de estudos",39.8,"Não","Parda","Sim"
"20","Não",47.3,"Não","Parda","Não"
"21","Sim, por ter estudado em escola pública ou particular com bolsa de estudos",59.9,"Não","Branca","Sim"
"22","Sim, por ter estudado em escola pública ou particular com bolsa de estudos",41,"Não","Parda","Sim"
"23","Não",53.2,"Sim","Branca","Não"
"24","Não",65.1,"Sim","Não quero declarar","Não"
"25","Não",38.7,"Não","Branca","Não"
"26","Não",30.7,"Sim","Branca","Não"
"27","Não",58,"Não","Branca","Não"
"28","Não",54.5,"Não","Branca","Não"
"29","Não",33.8,"Não","Parda","Não"
"30","Sim, por critério étnico-racial",62.7,"Não","Parda","Sim"
"31","Não",44.6,"Sim","Parda","Não"
"32","Não",42.7,"Não","Parda","Não"
"33","Sim, por ter estudado em escola pública ou particular com bolsa de estudos",45.6,"Não","Parda","Sim"
"34","Sim, por sistema que combina dois ou mais critérios anteriores",37.5,"Não","Parda","Sim"
"35","Não",55.7,"Não","Preta","Não"
"36","Não",48.4,"Não","Parda","Não"
"37","Não",31.5,"Não","Preta","Não"
"38","Não",31.1,"Sim","Branca","Não"
"39","Não",70.7,"Não","Não quero declarar","Não"
"40","Não",32.1,"Sim","Não quero declarar","Não"
"41","Não",55.9,"Não","Parda","Não"
"42","Não",41.9,"Sim","Preta","Não"
"43","Não",36.1,"Sim","Preta","Não"
"44","Não",40.3,"Não","Branca","Não"
"45","Não",34.9,"Não","Branca","Não"
"46","Não",31.8,"Sim","Branca","Não"
"47","Não",46.3,"Não","Branca","Não"
"48","Não",27.3,"Não","Não quero declarar","Não"
"49","Não",64.1,"Não","Preta","Não"
"50","Sim, por critério de renda",54.3,"Sim","Parda","Sim"
"51","Não",35.2,"Não","Preta","Não"
"52","Não",48.2,"Sim","Parda","Não"
"53","Sim, por critério étnico-racial",42.5,"Não","Parda","Sim"
"54","Não",38.7,"Não","Parda","Não"
"55","Não",43.8,"Não","Parda","Não"
"56","Sim, por ter estudado em escola pública ou particular com bolsa de estudos",38,"Não","Amarela","Sim"
"57","Sim, por sistema que combina dois ou mais critérios anteriores",53.6,"Não","Preta","Sim"
"58","Sim, por sistema que combina dois ou mais critérios anteriores",61.1,"Não","Amarela","Sim"
"59","Sim, por critério étnico-racial",40,"Sim","Preta","Sim"
"60","Não",52.3,"Sim","Parda","Não"
"61","Não",32.2,"Sim","Branca","Não"
"62","Não",38.8,"Não","Preta","Não"
"63","Não",37.9,"Sim","Parda","Não"
"64","Não",53.8,"Não","Preta","Não"
"65","Não",37.4,"Sim","Branca","Não"
"66","Não",36.6,"Não","Parda","Não"
"67","Não",24.9,"Não","Preta","Não"
"68","Não",50.4,"Não","Parda","Não"
"69","Não",21.9,"Não","Amarela","Não"
"70","Sim, por sistema que combina dois ou mais critérios anteriores",37.9,"Não","Parda","Sim"
"71","Não",36.2,"Sim","Branca","Não"
"72","Não",42.1,"Não","Parda","Não"
"73","Não",36.2,"Sim","Parda","Não"
"74","Não",54.9,"Não","Branca","Não"
"75","Não",36.6,"Não","Não quero declarar","Não"
"76","Não",46.5,"Não","Branca","Não"
"77","Não",45.7,"Sim","Branca","Não"
"78","Não",27.8,"Não","Parda","Não"
"79","Sim, por ter estudado em escola pública ou particular com bolsa de estudos",47.1,"Não","Parda","Sim"
"80","Não",51,"Sim","Branca","Não"
"81","Não",51.2,"Não","Parda","Não"
"82","Sim, por sistema diferente dos anteriores",26.2,"Não","Parda","Sim"
"83","Não",48.3,"Sim","Parda","Não"
"84","Não",61.4,"Não","Amarela","Não"
"85","Não",30.9,"Sim","Branca","Não"
"86","Não",27.2,"Sim","Parda","Não"
"87","Não",57.9,"Sim","Parda","Não"
"88","Não",37.6,"Não","Branca","Não"
"89","Não",32.4,"Sim","Branca","Não"
"90","Sim, por critério étnico-racial",44,"Não","Parda","Sim"
"91","Não",34.1,"Sim","Branca","Não"
"92","Não",38.7,"Não","Amarela","Não"
"93","Não",36.8,"Sim","Amarela","Não"
"94","Sim, por ter estudado em escola pública ou particular com bolsa de estudos",47.3,"Sim","Parda","Sim"
"95","Não",43.4,"Não","Parda","Não"
"96","Sim, por sistema diferente dos anteriores",36.8,"Não","Parda","Sim"
"97","Não",59.7,"Não","Parda","Não"
"98","Não",71.5,"Não","Branca","Não"
"99","Não",51.7,"Não","Preta","Não"
"100","Sim, por critério de renda",50.3,"Não","Parda","Sim"
"101","Sim, por ter estudado em escola pública ou particular com bolsa de estudos",65.1,"Sim","Branca","Sim"
"102","Não",58.6,"Não","Parda","Não"
"103","Sim, por ter estudado em escola pública ou particular com bolsa de estudos",37.8,"Não","Parda","Sim"
"104","Não",39.4,"Sim","Parda","Não"
"105","Não",61.1,"Sim","Parda","Não"
"106","Não",66.3,"Não","Parda","Não"
"107","Não",51.4,"Sim","Branca","Não"
"108","Não",66.5,"Não","Branca","Não"
"109","Não",61.5,"Não","Preta","Não"
"110","Não",48,"Sim","Branca","Não"
"111","Não",50.7,"Não","Preta","Não"
"112","Não",35.7,"Não","Parda","Não"
"113","Não",35.3,"Não","Branca","Não"
"114","Não",26.4,"Não","Parda","Não"
"115","Não",20.8,"Não","Branca","Não"
"116","Não",52.2,"Sim","Parda","Não"
"117","Não",56,"Sim","Preta","Não"
"118","Não",52,"Sim","Preta","Não"
"119","Sim, por sistema que combina dois ou mais critérios anteriores",53,"Sim","Preta","Sim"
"120","Não",53,"Não","Branca","Não"
"121","Não",58.7,"Sim","Parda","Não"
"122","Não",65,"Sim","Parda","Não"
"123","Não",32.5,"Sim","Preta","Não"
"124","Sim, por critério étnico-racial",49.5,"Sim","Parda","Sim"
"125","Não",65.8,"Não","Parda","Não"
"126","Sim, por critério de renda",38.7,"Sim","Amarela","Sim"
"127","Não",44.8,"Não","Branca","Não"
"128","Não",67,"Não","Preta","Não"
"129","Não",54.9,"Sim","Parda","Não"
"130","Sim, por ter estudado em escola pública ou particular com bolsa de estudos",65.2,"Sim","Parda","Sim"
"131","Sim, por ter estudado em escola pública ou particular com bolsa de estudos",42.6,"Sim","Branca","Sim"
"132","Sim, por critério de renda",56.2,"Não","Parda","Sim"
"133","Não",58.5,"Sim","Preta","Não"
"134","Não",46.2,"Não","Amarela","Não"
"135","Não",58.5,"Não","Parda","Não"
"136","Não",36.2,"Não","Branca","Não"
"137","Não",50.2,"Sim","Parda","Não"
"138","Não",74.5,"Não","Branca","Não"
"139","Não",47,"Sim","Parda","Não"
"140","Não",48.3,"Não","Parda","Não"
"141","Não",69.6,"Sim","Parda","Não"
"142","Não",59.9,"Sim","Parda","Não"
"143","Não",58.4,"Não","Preta","Não"
"144","Não",46.8,"Sim","Preta","Não"
"145","Sim, por critério étnico-racial",29.3,"Sim","Parda","Sim"
"146","Não",46,"Sim","Branca","Não"
"147","Sim, por sistema que combina dois ou mais critérios anteriores",35.6,"Sim","Parda","Sim"
"148","Não",66.8,"Sim","Parda","Não"
"149","Sim, por sistema que combina dois ou mais critérios anteriores",66,"Não","Preta","Sim"
"150","Não",51.4,"Sim","Parda","Não"
"151","Não",65,"Não","Parda","Não"
"152","Não",65.7,"Não","Branca","Não"
"153","Não",58.5,"Sim","Preta","Não"
"154","Não",48.3,"Não","Parda","Não"
"155","Não",45,"Não","Preta","Não"
"156","Sim, por critério de renda",44.9,"Sim","Parda","Sim"
"157","Não",45.3,"Não","Parda","Não"
"158","Não",43.9,"Sim","Amarela","Não"
"159","Não",30.6,"Sim","Parda","Não"
"160","Sim, por sistema que combina dois ou mais critérios anteriores",62.6,"Não","Parda","Sim"
"161","Sim, por critério étnico-racial",46.3,"Não","Parda","Sim"
"162","Não",52.1,"Sim","Parda","Não"
"163","Sim, por ter estudado em escola pública ou particular com bolsa de estudos",46.5,"Não","Parda","Sim"
"164","Não",59.8,"Sim","Parda","Não"
"165","Não",49.5,"Sim","Parda","Não"
"166","Não",23.4,"Não","Preta","Não"
"167","Não",54,"Não","Parda","Não"
"168","Não",29.5,"Não","Branca","Não"
"169","Não",59.7,"Não","Branca","Não"
"170","Sim, por sistema que combina dois ou mais critérios anteriores",48.2,"Não","Branca","Sim"
"171","Não",54.8,"Não","Parda","Não"
"172","Sim, por ter estudado em escola pública ou particular com bolsa de estudos",29.5,"Não","Parda","Sim"
"173","Não",50.2,"Não","Parda","Não"
"174","Não",57.5,"Não","Parda","Não"
"175","Não",70,"Sim","Parda","Não"
"176","Não",48.9,"Sim","Parda","Não"
"177","Não",65.7,"Não","Parda","Não"
"178","Não",35.2,"Sim","Branca","Não"
"179","Sim, por ter estudado em escola pública ou particular com bolsa de estudos",44.3,"Sim","Preta","Sim"
"180","Não",69.6,"Sim","Parda","Não"
"181","Não",39.9,"Sim","Parda","Não"
"182","Não",33.4,"Não","Parda","Não"
"183","Não",40,"Não","Preta","Não"
"184","Sim, por ter estudado em escola pública ou particular com bolsa de estudos",45.6,"Não","Branca","Sim"
"185","Não",30.4,"Não","Parda","Não"
"186","Não",40.9,"Sim","Preta","Não"
"187","Não",49.6,"Sim","Não quero declarar","Não"
"188","Não",46.7,"Não","Branca","Não"
"189","Não",32.6,"Sim","Parda","Não"
"190","Sim, por ter estudado em escola pública ou particular com bolsa de estudos",22.6,"Não","Preta","Sim"
"191","Sim, por critério de renda",48.9,"Sim","Preta","Sim"
"192","Não",62.6,"Não","Parda","Não"
"193","Não",53.3,"Sim","Parda","Não"
"194","Sim, por critério de renda",39.8,"Sim","Branca","Sim"
"195","Não",34,"Não","Parda","Não"
"196","Sim, por critério de renda",53,"Sim","Branca","Sim"
"197","Sim, por ter estudado em escola pública ou particular com bolsa de estudos",47.3,"Sim","Parda","Sim"
"198","Não",58.4,"Não","Branca","Não"
"199","Sim, por ter estudado em escola pública ou particular com bolsa de estudos",59.2,"Não","Parda","Sim"
"200","Sim, por critério de renda",37,"Não","Branca","Sim"
"201","Não",61,"Sim","Branca","Não"
"202","Sim, por ter estudado em escola pública ou particular com bolsa de estudos",41.9,"Não","Parda","Sim"
"203","Não",58.6,"Sim","Parda","Não"
"204","Sim, por ter estudado em escola pública ou particular com bolsa de estudos",40.3,"Não","Branca","Sim"
"205","Não",39.6,"Sim","Branca","Não"
"206","Sim, por critério de renda",58.9,"Não","Indígena","Sim"
"207",NA,38.2,NA,NA,NA
"208","Não",55.2,"Sim","Parda","Não"
"209","Não",55,"Sim","Parda","Não"
"210","Sim, por sistema que combina dois ou mais critérios anteriores",71.3,"Não","Preta","Sim"
"211","Não",57.7,"Sim","Branca","Não"
"212","Sim, por sistema que combina dois ou mais critérios anteriores",73.4,"Sim","Parda","Sim"
"213","Sim, por ter estudado em escola pública ou particular com bolsa de estudos",59.6,"Sim","Parda","Sim"
"214","Sim, por ter estudado em escola pública ou particular com bolsa de estudos",52.4,"Não","Parda","Sim"
"215","Não",70,"Sim","Branca","Não"
"216","Sim, por critério étnico-racial",57.5,"Sim","Parda","Sim"
"217","Não",46.8,"Não","Branca","Não"
"218","Não",44.5,"Sim","Parda","Não"
"219","Não",65.7,"Sim","Preta","Não"
"220","Sim, por critério de renda",65,"Sim","Branca","Sim"
"221","Não",57.8,"Não","Preta","Não"
"222","Sim, por ter estudado em escola pública ou particular com bolsa de estudos",52.4,"Não","Branca","Sim"
"223","Não",51.6,"Sim","Preta","Não"
"224","Não",60.7,"Sim","Branca","Não"
"225","Não",63.5,"Sim","Preta","Não"
"226","Não",45.5,"Não","Branca","Não"
"227","Não",46,"Sim","Branca","Não"
"228","Não",44.3,"Sim","Amarela","Não"
"229","Não",21.4,"Sim","Parda","Não"
"230","Não",59.2,"Sim","Parda","Não"
"231","Não",38,"Sim","Branca","Não"
"232","Não",39.4,"Sim","Parda","Não"
"233","Não",37.4,"Sim","Parda","Não"
"234","Não",67,"Sim","Parda","Não"
"235","Não",49.3,"Sim","Branca","Não"
"236","Não",36.8,"Não","Branca","Não"
"237","Não",49.5,"Não","Branca","Não"
"238","Não",46.1,"Sim","Branca","Não"
"239","Não",40.8,"Sim","Branca","Não"
"240","Não",59.6,"Sim","Branca","Não"
"241","Não",42.9,"Sim","Branca","Não"
"242","Não",40,"Sim","Branca","Não"
"243","Não",57.2,"Sim","Não quero declarar","Não"
"244","Não",40.2,"Sim","Parda","Não"
"245","Não",43.6,"Sim","Branca","Não"
"246","Não",46.3,"Sim","Branca","Não"
"247","Não",57.2,"Sim","Parda","Não"
"248","Sim, por ter estudado em escola pública ou particular com bolsa de estudos",55.2,"Sim","Não quero declarar","Sim"
"249","Não",61.8,"Sim","Branca","Não"
"250","Não",59.5,"Sim","Parda","Não"
"251","Não",41.9,"Sim","Branca","Não"
"252","Não",33.1,"Sim","Branca","Não"
"253","Não",37.3,"Sim","Parda","Não"
"254","Não",47.3,"Sim","Preta","Não"
"255","Não",34.3,"Sim","Branca","Não"
"256","Não",42.9,"Sim","Parda","Não"
"257","Não",28.8,"Sim","Não quero declarar","Não"
"258","Não",53.4,"Sim","Não quero declarar","Não"
"259","Não",41.8,"Sim","Branca","Não"
"260","Não",58.4,"Sim","Preta","Não"
"261","Não",38.6,"Sim","Parda","Não"
"262","Não",37.8,"Sim","Não quero declarar","Não"
"263","Não",71.4,"Sim","Parda","Não"
"264","Não",26.9,"Sim","Branca","Não"
"265","Não",68.8,"Sim","Branca","Não"
"266","Não",48.3,"Sim","Branca","Não"
"267","Não",56.6,"Sim","Parda","Não"
"268","Não",25.3,"Sim","Branca","Não"
"269","Não",53.2,"Sim","Parda","Não"
"270","Não",56.1,"Sim","Branca","Não"
"271","Não",42,"Sim","Branca","Não"
"272","Não",52.4,"Sim","Parda","Não"
"273","Não",68.1,"Sim","Branca","Não"
"274","Não",44.3,"Sim","Branca","Não"
"275","Não",69.9,"Não","Parda","Não"
"276","Não",34.1,"Sim","Branca","Não"
"277","Não",36.5,"Sim","Parda","Não"
"278","Não",38.5,"Sim","Branca","Não"
"279","Não",44.9,"Sim","Branca","Não"
"280","Não",42.9,"Sim","Parda","Não"
"281","Não",42,"Sim","Amarela","Não"
"282","Não",44.1,"Sim","Parda","Não"
"283","Não",30.6,"Sim","Branca","Não"
"284","Não",65.7,"Sim","Branca","Não"
"285","Não",59.7,"Sim","Não quero declarar","Não"
"286","Não",52.5,"Não","Parda","Não"
"287","Não",39.8,"Sim","Branca","Não"
"288","Não",34.3,"Sim","Parda","Não"
"289","Não",41.9,"Sim","Branca","Não"
"290","Não",51.1,"Sim","Não quero declarar","Não"
"291","Sim, por sistema que combina dois ou mais critérios anteriores",53.1,"Sim","Parda","Sim"
"292","Não",24.9,"Sim","Parda","Não"
"293","Não",47.7,"Sim","Branca","Não"
"294","Não",43.9,"Sim","Branca","Não"
"295","Não",43.9,"Não","Preta","Não"
"296","Não",45.8,"Sim","Branca","Não"
"297","Não",23.3,"Não","Branca","Não"
"298","Não",26.9,"Sim","Branca","Não"
"299","Sim, por sistema que combina dois ou mais critérios anteriores",42.7,"Não","Parda","Sim"
"300","Não",57.7,"Sim","Branca","Não"
"301","Sim, por critério de renda",30.4,"Sim","Branca","Sim"
"302","Não",51,"Sim","Parda","Não"
"303","Não",53.5,"Sim","Parda","Não"
"304","Não",44.2,"Não","Amarela","Não"
"305","Não",24.6,"Sim","Parda","Não"
"306","Não",42.1,"Sim","Parda","Não"
"307","Não",27.6,"Sim","Branca","Não"
"308","Não",70,"Sim","Branca","Não"
"309","Não",40.8,"Sim","Branca","Não"
"310","Não",53.3,"Sim","Branca","Não"
"311","Não",30.4,"Sim","Preta","Não"
"312","Não",25.2,"Sim","Parda","Não"
"313","Não",63.6,"Sim","Parda","Não"
"314","Não",50.8,"Sim","Parda","Não"
"315","Não",28,"Sim","Branca","Não"
"316","Não",61.3,"Sim","Parda","Não"
"317","Não",48.2,"Sim","Branca","Não"
"318","Não",69.4,"Sim","Branca","Não"
"319","Não",57.1,"Sim","Branca","Não"
"320","Não",42.5,"Sim","Branca","Não"
"321",NA,37.3,NA,NA,NA
"322","Não",64.2,"Sim","Preta","Não"
"323","Não",38.8,"Sim","Branca","Não"
"324","Não",63.9,"Sim","Branca","Não"
"325","Não",50,"Sim","Parda","Não"
"326","Não",25.1,"Sim","Parda","Não"
"327","Sim, por ter estudado em escola pública ou particular com bolsa de estudos",57.3,"Sim","Branca","Sim"
"328","Não",37.5,"Sim","Parda","Não"
"329","Não",61.5,"Sim","Preta","Não"
"330","Não",42.2,"Não","Parda","Não"
"331","Não",57.4,"Sim","Amarela","Não"
"332","Não",45.9,"Sim","Branca","Não"
"333","Não",60.9,"Sim","Parda","Não"
"334","Não",49.1,"Sim","Parda","Não"
"335","Não",49.9,"Sim","Branca","Não"
"336","Sim, por sistema que combina dois ou mais critérios anteriores",28.4,"Sim","Parda","Sim"
"337","Não",17.6,"Sim","Branca","Não"
"338","Sim, por ter estudado em escola pública ou particular com bolsa de estudos",39.2,"Sim","Parda","Sim"
"339","Sim, por ter estudado em escola pública ou particular com bolsa de estudos",55.6,"Sim","Parda","Sim"
"340","Sim, por sistema que combina dois ou mais critérios anteriores",33.3,"Não","Parda","Sim"
"341","Não",48.8,"Sim","Branca","Não"
"342","Não",38.8,"Sim","Branca","Não"
"343","Não",27.7,"Sim","Branca","Não"
"344","Não",48.4,"Sim","Branca","Não"
"345","Não",61.5,"Sim","Parda","Não"
"346","Não",36.5,"Sim","Branca","Não"
"347","Não",21.9,"Não","Parda","Não"
"348","Não",33.4,"Sim","Branca","Não"
"349","Sim, por critério de renda",37.5,"Não","Branca","Sim"
"350","Não",50.3,"Sim","Parda","Não"
"351","Não",32.8,"Sim","Branca","Não"
"352","Não",39,"Sim","Preta","Não"
"353","Não",47.9,"Sim","Parda","Não"
"354","Sim, por sistema que combina dois ou mais critérios anteriores",30.3,"Sim","Parda","Sim"
"355","Não",57.2,"Não","Preta","Não"
"356","Não",54.9,"Sim","Branca","Não"
"357","Não",69,"Sim","Branca","Não"
"358","Não",36.6,"Sim","Branca","Não"
"359","Não",30,"Sim","Branca","Não"
"360","Não",56.5,"Sim","Branca","Não"
"361",NA,42.3,NA,NA,NA
"362","Não",48,"Sim","Parda","Não"
"363","Não",44.2,"Sim","Parda","Não"
"364","Não",58.2,"Sim","Branca","Não"
"365","Não",26.2,"Sim","Branca","Não"
"366","Não",56.4,"Sim","Branca","Não"
"367","Não",39.9,"Sim","Parda","Não"
"368","Não",45.6,"Sim","Branca","Não"
"369","Não",51.2,"Sim","Branca","Não"
"370","Não",46,"Sim","Não quero declarar","Não"
"371","Não",57.2,"Sim","Branca","Não"
"372","Não",47.4,"Sim","Parda","Não"
"373","Não",37.4,"Sim","Branca","Não"
"374","Não",52.4,"Sim","Branca","Não"
"375","Não",52.6,"Sim","Parda","Não"
"376","Não",60.7,"Sim","Branca","Não"
"377","Não",41.6,"Não","Não quero declarar","Não"
"378","Não",35.9,"Sim","Branca","Não"
"379","Não",54.1,"Sim","Parda","Não"
"380","Não",61.4,"Sim","Não quero declarar","Não"
"381","Não",48,"Sim","Branca","Não"
"382","Não",53.3,"Sim","Parda","Não"
"383","Não",58.5,"Sim","Branca","Não"
"384","Não",71.4,"Sim","Parda","Não"
"385","Não",48.9,"Sim","Branca","Não"
"386","Não",41.8,"Sim","Branca","Não"
"387","Não",39.8,"Sim","Não quero declarar","Não"
"388","Não",45.9,"Sim","Branca","Não"
"389","Não",66.1,"Sim","Branca","Não"
"390","Não",65.9,"Sim","Branca","Não"
"391","Sim, por ter estudado em escola pública ou particular com bolsa de estudos",59.3,"Não","Parda","Sim"
"392","Não",77.5,"Sim","Parda","Não"
"393","Não",40.2,"Sim","Branca","Não"
"394","Não",67.9,"Sim","Branca","Não"
"395","Não",74.9,"Sim","Parda","Não"
"396","Não",58.1,"Sim","Parda","Não"
"397","Não",45,"Sim","Branca","Não"
"398","Não",58.9,"Sim","Branca","Não"
"399","Não",65.5,"Sim","Parda","Não"
"400","Não",24.2,"Sim","Preta","Não"
"401","Não",52.3,"Não","Branca","Não"
"402","Sim, por critério de renda",54.4,"Sim","Branca","Sim"
"403","Não",58.9,"Não","Branca","Não"
"404","Sim, por sistema que combina dois ou mais critérios anteriores",77.2,"Sim","Parda","Sim"
"405","Não",41.8,"Sim","Branca","Não"
"406","Não",40.7,"Sim","Amarela","Não"
"407","Não",75.7,"Sim","Branca","Não"
"408","Não",52.3,"Sim","Parda","Não"
"409","Não",74.7,"Sim","Parda","Não"
"410","Não",49.2,"Sim","Branca","Não"
"411","Não",52.9,"Sim","Branca","Não"
"412","Não",48.7,"Não","Branca","Não"
"413","Não",55.1,"Sim","Branca","Não"
"414","Não",51.4,"Sim","Branca","Não"
"415","Não",70.5,"Sim","Branca","Não"
"416","Não",66.2,"Sim","Branca","Não"
"417","Não",62.2,"Sim","Parda","Não"
"418","Não",54.6,"Sim","Parda","Não"
"419","Não",41.4,"Sim","Preta","Não"
"420","Não",69.6,"Sim","Parda","Não"
"421","Não",56.7,"Sim","Parda","Não"
"422","Não",50,"Sim","Branca","Não"
"423","Não",70.1,"Sim","Parda","Não"
"424","Não",39.1,"Sim","Parda","Não"
"425","Não",60.8,"Sim","Parda","Não"
"426","Não",67.8,"Sim","Parda","Não"
"427","Não",54.3,"Sim","Branca","Não"
"428","Não",65,"Sim","Parda","Não"
"429","Não",66.8,"Sim","Branca","Não"
"430","Sim, por sistema diferente dos anteriores",46.3,"Sim","Parda","Sim"
"431","Não",45.1,"Sim","Parda","Não"
"432","Não",73.6,"Sim","Branca","Não"
"433","Não",73.4,"Sim","Branca","Não"
"434","Não",26.9,"Sim","Parda","Não"
"435","Não",69.9,"Sim","Branca","Não"
"436","Não",55.9,"Não","Branca","Não"
"437","Não",42.1,"Sim","Branca","Não"
"438","Não",46.1,"Sim","Branca","Não"
"439","Não",48.7,"Sim","Branca","Não"
"440","Não",69.8,"Sim","Não quero declarar","Não"
"441","Não",54.2,"Sim","Não quero declarar","Não"
"442","Não",65.1,"Sim","Parda","Não"
"443","Não",51.5,"Sim","Branca","Não"
"444","Não",49.2,"Sim","Parda","Não"
"445","Não",45.5,"Sim","Parda","Não"
"446","Não",53.9,"Sim","Branca","Não"
"447","Não",70.3,"Não","Branca","Não"
"448","Não",53.5,"Sim","Branca","Não"
"449","Não",59.7,"Sim","Branca","Não"
"450","Não",44.9,"Sim","Branca","Não"
"451","Não",56.4,"Sim","Branca","Não"
"452","Não",71.1,"Não","Branca","Não"
"453","Sim, por critério de renda",50.9,"Sim","Parda","Sim"
"454","Não",58.1,"Sim","Parda","Não"
"455","Não",59.5,"Sim","Branca","Não"
"456","Não",62.1,"Sim","Branca","Não"
"457","Sim, por critério de renda",70.8,"Sim","Não quero declarar","Sim"
"458","Não",70.8,"Sim","Branca","Não"
"459","Não",72.4,"Sim","Não quero declarar","Não"
"460","Não",66.3,"Sim","Branca","Não"
"461","Sim, por sistema que combina dois ou mais critérios anteriores",77.4,"Sim","Parda","Sim"
"462","Não",56.7,"Sim","Parda","Não"
"463","Não",61.3,"Sim","Branca","Não"
"464","Não",69,"Sim","Parda","Não"
"465","Não",73.6,"Sim","Branca","Não"
"466","Não",58.9,"Sim","Parda","Não"
"467","Não",45.7,"Sim","Parda","Não"
"468","Não",52.4,"Sim","Parda","Não"
"469","Não",50.6,"Não","Parda","Não"
"470","Não",51.6,"Sim","Branca","Não"
"471","Não",57.7,"Sim","Branca","Não"
"472","Não",60.5,"Sim","Parda","Não"
"473","Não",45.4,"Sim","Parda","Não"
"474","Não",63.7,"Sim","Parda","Não"
"475","Não",52.1,"Sim","Branca","Não"
"476","Não",49.7,"Sim","Branca","Não"
"477","Não",28.9,"Sim","Amarela","Não"
"478","Não",51.6,"Não","Branca","Não"
"479","Não",41.3,"Sim","Parda","Não"
"480","Não",45.2,"Sim","Não quero declarar","Não"
"481","Não",59.9,"Sim","Branca","Não"
"482","Não",55.4,"Sim","Parda","Não"
"483","Não",34.8,"Sim","Parda","Não"
"484","Não",46.8,"Não","Branca","Não"
"485","Não",33.8,"Sim","Parda","Não"
"486","Não",42,"Sim","Branca","Não"
"487","Não",47.9,"Sim","Branca","Não"
"488","Não",47.2,"Sim","Parda","Não"
"489","Não",56.6,"Sim","Parda","Não"
"490","Não",32,"Sim","Branca","Não"
"491","Não",55.2,"Sim","Branca","Não"
"492","Sim, por ter estudado em escola pública ou particular com bolsa de estudos",45.8,"Não","Branca","Sim"
"493","Não",31.1,"Sim","Branca","Não"
"494","Não",44.3,"Sim","Branca","Não"
"495","Não",57.6,"Sim","Branca","Não"
"496","Sim, por ter estudado em escola pública ou particular com bolsa de estudos",55,"Sim","Parda","Sim"
"497","Não",52.1,"Sim","Parda","Não"
"498","Não",40.2,"Sim","Parda","Não"
"499","Não",58.5,"Sim","Branca","Não"
"500","Não",54.2,"Sim","Parda","Não"
"501","Não",31.4,"Sim","Branca","Não"
"502","Não",36.9,"Sim","Branca","Não"
"503","Não",64.6,"Sim","Branca","Não"
"504","Não",30.7,"Sim","Parda","Não"
"505","Não",39,"Sim","Preta","Não"
"506","Não",31.9,"Sim","Branca","Não"
"507","Não",49.4,"Sim","Amarela","Não"
"508","Sim, por sistema que combina dois ou mais critérios anteriores",43.9,"Sim","Branca","Sim"
"509","Não",38.9,"Sim","Parda","Não"
"510","Não",35,"Sim","Branca","Não"
"511","Não",43.2,"Sim","Parda","Não"
"512","Não",30.6,"Sim","Branca","Não"
"513","Não",51.3,"Sim","Branca","Não"
"514","Não",49,"Sim","Branca","Não"
"515","Sim, por ter estudado em escola pública ou particular com bolsa de estudos",32.8,"Não","Amarela","Sim"
"516","Não",44.6,"Sim","Branca","Não"
"517","Não",39.4,"Sim","Parda","Não"
"518","Não",31.8,"Sim","Parda","Não"
"519","Não",43.8,"Sim","Preta","Não"
"520","Não",46.9,"Sim","Preta","Não"
"521","Não",48.7,"Sim","Branca","Não"
"522","Não",54.8,"Sim","Preta","Não"
"523","Não",53.1,"Sim","Branca","Não"
"524","Não",56,"Sim","Branca","Não"
"525","Não",35.5,"Sim","Amarela","Não"
"526","Não",46,"Sim","Branca","Não"
"527","Não",27.9,"Sim","Branca","Não"
"528","Não",34.8,"Sim","Branca","Não"
"529","Não",49,"Sim","Branca","Não"
"530","Não",49.1,"Sim","Parda","Não"
"531","Não",59,"Sim","Parda","Não"
"532","Não",38.9,"Sim","Não quero declarar","Não"
"533","Não",29,"Sim","Amarela","Não"
"534","Não",47.4,"Sim","Parda","Não"
"535","Não",31.7,"Sim","Branca","Não"
"536","Não",37.1,"Não","Preta","Não"
"537","Não",33.5,"Sim","Branca","Não"
"538","Não",43.9,"Sim","Amarela","Não"
"539","Não",60.6,"Sim","Branca","Não"
"540","Não",36,"Sim","Parda","Não"
"541","Não",49,"Sim","Parda","Não"
"542","Sim, por ter estudado em escola pública ou particular com bolsa de estudos",38.1,"Sim","Branca","Sim"
"543","Não",59.1,"Sim","Branca","Não"
"544","Sim, por sistema que combina dois ou mais critérios anteriores",44,"Sim","Parda","Sim"
"545","Não",44.5,"Sim","Preta","Não"
"546","Não",46.9,"Sim","Parda","Não"
"547","Não",48.8,"Sim","Não quero declarar","Não"
"548","Não",40.1,"Sim","Preta","Não"
"549","Não",42.1,"Sim","Parda","Não"
"550","Não",50.4,"Sim","Branca","Não"
"551","Não",64.5,"Sim","Parda","Não"
"552","Não",57.3,"Não","Não quero declarar","Não"
"553","Não",32.6,"Sim","Branca","Não"
"554","Não",56.6,"Sim","Parda","Não"
"555","Não",60.6,"Sim","Parda","Não"
"556","Sim, por ter estudado em escola pública ou particular com bolsa de estudos",64.2,"Sim","Parda","Sim"
"557","Não",59.2,"Sim","Parda","Não"
"558","Não",34.9,"Sim","Parda","Não"
"559","Sim, por ter estudado em escola pública ou particular com bolsa de estudos",43.8,"Sim","Parda","Sim"
"560","Não",39,"Não","Branca","Não"
"561","Não",74.7,"Sim","Branca","Não"
"562","Não",41.4,"Sim","Branca","Não"
"563","Não",46.9,"Sim","Branca","Não"
"564","Não",56.4,"Sim","Branca","Não"
"565","Sim, por critério étnico-racial",37.8,"Sim","Parda","Sim"
"566","Não",50.5,"Sim","Parda","Não"
"567","Sim, por sistema que combina dois ou mais critérios anteriores",67.6,"Não","Parda","Sim"
"568","Não",59.1,"Sim","Branca","Não"
"569","Não",36.3,"Sim","Preta","Não"
"570","Não",53.9,"Sim","Branca","Não"
"571","Não",45.9,"Sim","Branca","Não"
"572","Não",69.1,"Sim","Branca","Não"
"573","Não",62.8,"Sim","Preta","Não"
"574","Não",36.5,"Sim","Branca","Não"
"575","Não",59.9,"Sim","Não quero declarar","Não"
"576","Não",41.9,"Sim","Branca","Não"
"577","Não",41.4,"Sim","Parda","Não"
"578","Não",61.7,"Sim","Branca","Não"
"579","Não",34.9,"Sim","Parda","Não"
"580","Não",62.3,"Sim","Parda","Não"
"581","Não",45.9,"Sim","Amarela","Não"
"582","Não",43.8,"Sim","Branca","Não"
"583","Não",67.7,"Sim","Branca","Não"
"584","Não",68.1,"Sim","Parda","Não"
"585","Não",53.6,"Sim","Branca","Não"
"586","Não",51.1,"Sim","Preta","Não"
"587","Não",78.1,"Sim","Branca","Não"
"588","Sim, por critério de renda",34.7,"Sim","Branca","Sim"
"589","Não",67,"Sim","Preta","Não"
"590","Não",43.9,"Sim","Branca","Não"
"591","Sim, por sistema que combina dois ou mais critérios anteriores",49.1,"Sim","Parda","Sim"
"592","Não",42.8,"Sim","Parda","Não"
"593","Não",71.2,"Sim","Branca","Não"
"594","Sim, por sistema que combina dois ou mais critérios anteriores",18.8,"Não","Parda","Sim"
"595","Não",48.5,"Sim","Parda","Não"
"596","Não",31.7,"Sim","Branca","Não"
"597","Não",48.7,"Sim","Branca","Não"
"598","Não",60.1,"Não","Parda","Não"
"599","Não",49.5,"Sim","Branca","Não"
"600","Não",23.1,"Sim","Preta","Não"
"601","Não",63.7,"Sim","Branca","Não"
"602","Não",44.4,"Sim","Branca","Não"
"603","Não",63.2,"Sim","Parda","Não"
"604","Sim, por sistema que combina dois ou mais critérios anteriores",58.7,"Não","Preta","Sim"
"605","Sim, por ter estudado em escola pública ou particular com bolsa de estudos",48.9,"Sim","Parda","Sim"
"606","Sim, por ter estudado em escola pública ou particular com bolsa de estudos",36.9,"Sim","Parda","Sim"
"607","Não",60.2,"Sim","Branca","Não"
"608","Não",49.4,"Sim","Branca","Não"
"609","Não",69.1,"Sim","Branca","Não"
"610","Não",62.2,"Não","Branca","Não"
"611","Não",41.5,"Sim","Parda","Não"
"612","Não",36.4,"Sim","Branca","Não"
"613","Não",40.7,"Sim","Branca","Não"
"614","Não",43.2,"Sim","Parda","Não"
"615","Não",41.3,"Sim","Parda","Não"
"616","Sim, por sistema que combina dois ou mais critérios anteriores",57.3,"Não","Parda","Sim"
"617","Não",46,"Sim","Parda","Não"
"618","Não",41.6,"Não","Parda","Não"
"619","Não",42.1,"Sim","Branca","Não"
"620","Não",38.8,"Sim","Branca","Não"
"621","Não",43.9,"Sim","Branca","Não"
"622","Não",30.7,"Sim","Parda","Não"
"623","Não",38.3,"Sim","Branca","Não"
"624","Não",52,"Sim","Branca","Não"
"625","Sim, por ter estudado em escola pública ou particular com bolsa de estudos",39.8,"Sim","Parda","Sim"
"626","Não",56.9,"Sim","Branca","Não"
"627","Não",52,"Sim","Preta","Não"
"628","Sim, por critério de renda",30.4,"Não","Branca","Sim"
"629","Não",51.8,"Sim","Branca","Não"
"630","Não",36.8,"Sim","Branca","Não"
"631","Não",36.5,"Sim","Branca","Não"
"632","Não",45.9,"Sim","Parda","Não"
"633","Não",46.8,"Sim","Branca","Não"
"634","Não",34.1,"Sim","Não quero declarar","Não"
"635","Não",40.7,"Sim","Parda","Não"
"636","Sim, por critério de renda",45.2,"Não","Parda","Sim"
"637","Não",49.2,"Sim","Branca","Não"
"638","Não",43.8,"Não","Parda","Não"
"639","Não",42,"Sim","Parda","Não"
"640","Não",36.4,"Sim","Parda","Não"
"641","Não",31.1,"Sim","Não quero declarar","Não"
"642","Não",45.5,"Sim","Parda","Não"
"643","Sim, por critério de renda",35.2,"Sim","Parda","Sim"
"644","Não",46.6,"Sim","Branca","Não"
"645","Não",46.9,"Não","Parda","Não"
"646","Não",44.1,"Não","Parda","Não"
"647","Sim, por ter estudado em escola pública ou particular com bolsa de estudos",41.4,"Não","Preta","Sim"
"648","Sim, por ter estudado em escola pública ou particular com bolsa de estudos",32.7,"Sim","Parda","Sim"
"649","Não",34.8,"Sim","Branca","Não"
"650","Sim, por ter estudado em escola pública ou particular com bolsa de estudos",48.4,"Sim","Parda","Sim"
"651","Não",54.4,"Sim","Branca","Não"
"652","Não",36.5,"Sim","Branca","Não"
"653","Não",38.3,"Sim","Branca","Não"
"654","Sim, por critério étnico-racial",44.7,"Não","Parda","Sim"
"655","Não",47.5,"Sim","Preta","Não"
"656","Sim, por ter estudado em escola pública ou particular com bolsa de estudos",57.4,"Não","Parda","Sim"
"657","Não",35.7,"Sim","Branca","Não"
"658","Sim, por ter estudado em escola pública ou particular com bolsa de estudos",29.5,"Não","Parda","Sim"
"659","Não",44,"Sim","Parda","Não"
"660","Não",61.4,"Sim","Não quero declarar","Não"
"661","Não",59.9,"Sim","Branca","Não"
"662","Não",55,"Sim","Parda","Não"
"663","Sim, por ter estudado em escola pública ou particular com bolsa de estudos",47.9,"Não","Parda","Sim"
"664","Não",36.3,"Sim","Branca","Não"
"665","Não",62.5,"Sim","Parda","Não"
"666","Não",52.4,"Não","Branca","Não"
"667","Não",37.5,"Sim","Branca","Não"
"668","Não",61.3,"Sim","Branca","Não"
"669","Não",71,"Sim","Branca","Não"
"670","Não",49.6,"Não","Parda","Não"
"671","Não",39.2,"Sim","Branca","Não"
"672","Não",68.4,"Sim","Parda","Não"
"673","Não",43,"Sim","Branca","Não"
"674","Não",77,"Sim","Parda","Não"
"675","Não",69,"Sim","Branca","Não"
"676","Não",80.8,"Sim","Branca","Não"
"677","Não",37.2,"Sim","Branca","Não"
"678","Não",60.6,"Sim","Parda","Não"
"679","Sim, por critério de renda",49,"Sim","Branca","Sim"
"680","Não",46.3,"Sim","Branca","Não"
"681","Não",55,"Sim","Parda","Não"
"682","Não",43.1,"Sim","Parda","Não"
"683","Não",59.3,"Não","Branca","Não"
"684","Não",70.7,"Sim","Parda","Não"
"685","Não",42.3,"Sim","Parda","Não"
"686","Não",48.6,"Sim","Parda","Não"
"687","Não",57.8,"Sim","Branca","Não"
"688","Não",46.1,"Sim","Parda","Não"
"689","Não",43.8,"Não","Branca","Não"
"690","Não",59.3,"Sim","Branca","Não"
"691","Não",54.3,"Sim","Branca","Não"
"692","Não",51.1,"Sim","Amarela","Não"
"693","Não",50.7,"Sim","Preta","Não"
"694","Não",55.9,"Sim","Parda","Não"
"695","Não",45.1,"Sim","Parda","Não"
"696","Não",50.3,"Sim","Branca","Não"
"697","Não",49.6,"Sim","Branca","Não"
"698","Não",41.7,"Sim","Parda","Não"
"699","Não",37.4,"Sim","Branca","Não"
"700","Não",41.8,"Sim","Branca","Não"
"701","Não",74.6,"Sim","Branca","Não"
"702","Não",56.3,"Sim","Branca","Não"
"703","Não",42.3,"Sim","Branca","Não"
"704","Não",52.1,"Sim","Parda","Não"
"705","Sim, por ter estudado em escola pública ou particular com bolsa de estudos",37.5,"Sim","Parda","Sim"
"706","Não",73.3,"Sim","Parda","Não"
"707","Não",51.7,"Sim","Branca","Não"
"708","Não",73.5,"Sim","Parda","Não"
"709","Não",53.1,"Sim","Branca","Não"
"710","Não",50.4,"Sim","Branca","Não"
"711","Não",42.4,"Sim","Preta","Não"
"712","Não",66.8,"Sim","Parda","Não"
"713","Não",49.9,"Sim","Parda","Não"
"714","Sim, por ter estudado em escola pública ou particular com bolsa de estudos",58,"Sim","Parda","Sim"
"715","Não",58.8,"Sim","Parda","Não"
"716","Sim, por sistema que combina dois ou mais critérios anteriores",79,"Sim","Preta","Sim"
"717","Não",43.8,"Sim","Branca","Não"
"718","Não",88.6,"Sim","Não quero declarar","Não"
"719","Não",59.1,"Sim","Parda","Não"
"720","Não",47.4,"Sim","Branca","Não"
"721","Sim, por ter estudado em escola pública ou particular com bolsa de estudos",63.1,"Sim","Branca","Sim"
"722","Não",76.8,"Sim","Branca","Não"
"723","Sim, por sistema que combina dois ou mais critérios anteriores",51,"Não","Parda","Sim"
"724","Não",39.8,"Sim","Parda","Não"
"725","Não",30.5,"Não","Branca","Não"
"726","Não",45.5,"Sim","Branca","Não"
"727","Não",33.8,"Não","Parda","Não"
"728","Sim, por critério de renda",16.6,"Não","Preta","Sim"
"729","Não",42.1,"Sim","Parda","Não"
"730","Não",69.1,"Sim","Branca","Não"
"731","Não",54.6,"Não","Parda","Não"
"732","Sim, por critério de renda",59.3,"Sim","Parda","Sim"
"733","Sim, por ter estudado em escola pública ou particular com bolsa de estudos",58.5,"Sim","Branca","Sim"
"734","Sim, por sistema que combina dois ou mais critérios anteriores",66.8,"Sim","Parda","Sim"
"735","Não",46.7,"Sim","Branca","Não"
"736","Sim, por critério étnico-racial",47.1,"Sim","Preta","Sim"
"737","Sim, por sistema que combina dois ou mais critérios anteriores",54.8,"Sim","Preta","Sim"
"738","Não",30.4,"Não","Parda","Não"
"739","Não",50.1,"Sim","Branca","Não"
"740","Não",44.3,"Sim","Preta","Não"
"741","Não",64.7,"Não","Branca","Não"
"742","Não",41.3,"Sim","Preta","Não"
"743","Não",21.4,"Não","Indígena","Não"
"744","Sim, por sistema que combina dois ou mais critérios anteriores",47.8,"Sim","Parda","Sim"
"745","Sim, por ter estudado em escola pública ou particular com bolsa de estudos",62.9,"Sim","Parda","Sim"
"746","Não",39.1,"Não","Parda","Não"
"747","Não",48.1,"Sim","Parda","Não"
"748","Não",73.4,"Sim","Amarela","Não"
"749","Não",59.2,"Sim","Branca","Não"
"750","Não",30,"Não","Branca","Não"
"751","Não",53,"Sim","Amarela","Não"
"752","Não",46.9,"Sim","Parda","Não"
"753","Não",35.3,"Sim","Parda","Não"
"754","Sim, por ter estudado em escola pública ou particular com bolsa de estudos",48.9,"Não","Parda","Sim"
"755","Sim, por sistema diferente dos anteriores",69.3,"Não","Parda","Sim"
"756","Não",49.3,"Sim","Branca","Não"
"757","Não",44.2,"Sim","Parda","Não"
"758","Não",37.9,"Não","Parda","Não"
"759","Não",65.3,"Não","Branca","Não"
"760","Não",75,"Não","Branca","Não"
"761","Não",23.6,"Sim","Branca","Não"
"762","Sim, por critério étnico-racial",52.6,"Não","Parda","Sim"
"763","Não",57.2,"Sim","Parda","Não"
"764","Não",64,"Sim","Amarela","Não"
"765","Não",51.6,"Não","Preta","Não"
"766","Sim, por ter estudado em escola pública ou particular com bolsa de estudos",37.3,"Sim","Branca","Sim"
"767","Não",65.5,"Sim","Branca","Não"
"768","Não",29.9,"Sim","Parda","Não"
"769","Não",67.6,"Sim","Preta","Não"
"770","Não",47.1,"Não","Branca","Não"
"771","Não",54.2,"Sim","Preta","Não"
"772","Não",33,"Sim","Branca","Não"
"773","Não",65.2,"Sim","Branca","Não"
"774","Não",27.7,"Sim","Branca","Não"
"775","Sim, por sistema diferente dos anteriores",15.3,"Não","Branca","Sim"
"776","Sim, por ter estudado em escola pública ou particular com bolsa de estudos",41.4,"Sim","Preta","Sim"
"777","Não",31.6,"Não","Branca","Não"
"778","Não",55.4,"Sim","Branca","Não"
"779","Sim, por critério étnico-racial",30.3,"Não","Preta","Sim"
"780","Não",49.5,"Sim","Branca","Não"
"781","Não",45.6,"Não","Não quero declarar","Não"
"782","Não",39.5,"Não","Parda","Não"
"783","Sim, por sistema que combina dois ou mais critérios anteriores",41.9,"Sim","Parda","Sim"
"784","Sim, por ter estudado em escola pública ou particular com bolsa de estudos",49.2,"Não","Parda","Sim"
"785","Não",34.9,"Não","Parda","Não"
"786","Não",47.9,"Não","Parda","Não"
"787","Não",56.4,"Não","Branca","Não"
"788","Sim, por ter estudado em escola pública ou particular com bolsa de estudos",40,"Não","Parda","Sim"
"789","Não",45.3,"Não","Branca","Não"
"790","Sim, por sistema que combina dois ou mais critérios anteriores",54.7,"Sim","Não quero declarar","Sim"
"791","Não",51.2,"Não","Branca","Não"
"792","Sim, por sistema que combina dois ou mais critérios anteriores",42.2,"Não","Parda","Sim"
"793","Não",57.9,"Sim","Branca","Não"
"794","Não",51.4,"Não","Amarela","Não"
"795","Sim, por ter estudado em escola pública ou particular com bolsa de estudos",62.5,"Não","Branca","Sim"
"796","Não",48.6,"Sim","Branca","Não"
"797","Sim, por sistema que combina dois ou mais critérios anteriores",62.8,"Não","Branca","Sim"
"798","Sim, por ter estudado em escola pública ou particular com bolsa de estudos",42.6,"Não","Parda","Sim"
"799","Não",59.2,"Sim","Branca","Não"
"800","Não",58.7,"Sim","Parda","Não"
"801","Não",66.2,"Sim","Branca","Não"
"802","Não",80.8,"Sim","Branca","Não"
"803","Sim, por ter estudado em escola pública ou particular com bolsa de estudos",47,"Sim","Parda","Sim"
"804","Sim, por ter estudado em escola pública ou particular com bolsa de estudos",40.7,"Sim","Branca","Sim"
"805","Sim, por ter estudado em escola pública ou particular com bolsa de estudos",54.4,"Não","Branca","Sim"
"806","Sim, por sistema que combina dois ou mais critérios anteriores",48.9,"Sim","Branca","Sim"
"807","Não",52.5,"Sim","Branca","Não"
"808","Não",34.5,"Não","Parda","Não"
"809","Sim, por ter estudado em escola pública ou particular com bolsa de estudos",41.5,"Sim","Parda","Sim"
"810","Não",45.5,"Sim","Parda","Não"
"811","Não",64.8,"Não","Branca","Não"
"812","Sim, por ter estudado em escola pública ou particular com bolsa de estudos",29.9,"Sim","Indígena","Sim"
"813","Não",38.7,"Não","Branca","Não"
"814","Sim, por sistema que combina dois ou mais critérios anteriores",59,"Não","Parda","Sim"
"815","Sim, por critério étnico-racial",50.4,"Não","Preta","Sim"
"816","Não",43.7,"Sim","Branca","Não"
"817","Não",55.2,"Não","Branca","Não"
"818","Não",70.7,"Não","Branca","Não"
"819","Não",49.2,"Não","Branca","Não"
"820","Sim, por ter estudado em escola pública ou particular com bolsa de estudos",53.5,"Não","Amarela","Sim"
"821","Não",47.4,"Não","Branca","Não"
"822","Não",37.4,"Não","Amarela","Não"
"823","Não",63.3,"Sim","Parda","Não"
"824","Sim, por ter estudado em escola pública ou particular com bolsa de estudos",36.8,"Não","Parda","Sim"
"825","Não",50.2,"Sim","Preta","Não"
"826","Não",38.5,"Não","Parda","Não"
"827","Sim, por ter estudado em escola pública ou particular com bolsa de estudos",56.7,"Sim","Parda","Sim"
"828","Sim, por sistema que combina dois ou mais critérios anteriores",41.6,"Não","Parda","Sim"
"829","Não",45.3,"Não","Parda","Não"
"830","Não",60.1,"Sim","Branca","Não"
"831","Sim, por sistema diferente dos anteriores",41.6,"Sim","Preta","Sim"
"832","Não",61.9,"Não","Parda","Não"
"833","Sim, por critério de renda",60.7,"Sim","Parda","Sim"
"834","Sim, por ter estudado em escola pública ou particular com bolsa de estudos",60.7,"Sim","Parda","Sim"
"835","Não",62.4,"Sim","Amarela","Não"
"836","Não",41.2,"Sim","Amarela","Não"
"837","Sim, por ter estudado em escola pública ou particular com bolsa de estudos",74.3,"Sim","Branca","Sim"
"838","Não",63.8,"Sim","Branca","Não"
"839","Sim, por critério de renda",54.7,"Não","Parda","Sim"
"840","Sim, por ter estudado em escola pública ou particular com bolsa de estudos",64.6,"Sim","Branca","Sim"
"841","Não",78.1,"Sim","Branca","Não"
"842","Não",63.5,"Sim","Parda","Não"
"843","Sim, por ter estudado em escola pública ou particular com bolsa de estudos",61,"Não","Parda","Sim"
"844","Sim, por ter estudado em escola pública ou particular com bolsa de estudos",21,"Sim","Branca","Sim"
"845","Não",37.3,"Sim","Parda","Não"
"846","Sim, por ter estudado em escola pública ou particular com bolsa de estudos",33.9,"Não","Branca","Sim"
"847","Não",40.8,"Sim","Parda","Não"
"848","Não",39.5,"Não","Branca","Não"
"849","Sim, por critério étnico-racial",55.1,"Não","Parda","Sim"
"850","Sim, por ter estudado em escola pública ou particular com bolsa de estudos",33.1,"Sim","Branca","Sim"
"851","Não",58.8,"Sim","Branca","Não"
"852","Não",37.3,"Sim","Parda","Não"
"853","Não",33,"Não","Parda","Não"
"854","Não",52.8,"Sim","Parda","Não"
"855","Não",32.8,"Sim","Parda","Não"
"856","Não",56.5,"Sim","Branca","Não"
"857","Não",46,"Sim","Preta","Não"
"858","Sim, por ter estudado em escola pública ou particular com bolsa de estudos",37.5,"Sim","Parda","Sim"
"859","Não",45,"Sim","Branca","Não"
"860","Não",50.4,"Sim","Parda","Não"
"861","Não",44,"Sim","Parda","Não"
"862","Não",40.1,"Não","Parda","Não"
"863","Não",50,"Sim","Branca","Não"
"864","Não",47.1,"Sim","Branca","Não"
"865","Não",49.6,"Sim","Branca","Não"
"866","Não",54.5,"Sim","Branca","Não"
"867","Sim, por ter estudado em escola pública ou particular com bolsa de estudos",24,"Não","Branca","Sim"
"868","Não",48.1,"Sim","Parda","Não"
"869","Não",30.7,"Sim","Branca","Não"
"870","Sim, por sistema que combina dois ou mais critérios anteriores",56.8,"Sim","Parda","Sim"
"871","Não",44.2,"Sim","Branca","Não"
"872","Não",28.5,"Sim","Branca","Não"
"873","Sim, por ter estudado em escola pública ou particular com bolsa de estudos",39.1,"Sim","Branca","Sim"
"874","Não",41.8,"Sim","Parda","Não"
"875","Não",33.9,"Não","Parda","Não"
"876","Não",58.3,"Sim","Parda","Não"
"877","Não",45.4,"Sim","Branca","Não"
"878","Sim, por ter estudado em escola pública ou particular com bolsa de estudos",53.1,"Sim","Parda","Sim"
"879","Não",42.7,"Sim","Branca","Não"
"880","Não",44.9,"Não","Parda","Não"
"881","Não",69.2,"Não","Parda","Não"
"882","Não",27.8,"Sim","Branca","Não"
"883","Não",36.3,"Sim","Branca","Não"
"884","Não",46.2,"Sim","Parda","Não"
"885","Sim, por ter estudado em escola pública ou particular com bolsa de estudos",55.6,"Sim","Branca","Sim"
"886","Não",55.8,"Não","Parda","Não"
"887","Não",19.1,"Sim","Parda","Não"
"888","Não",55.9,"Sim","Parda","Não"
"889","Sim, por sistema que combina dois ou mais critérios anteriores",46.7,"Sim","Branca","Sim"
"890","Não",27.3,"Sim","Branca","Não"
"891","Não",51.4,"Sim","Preta","Não"
"892","Não",51.1,"Sim","Branca","Não"
"893","Não",41.6,"Sim","Branca","Não"
"894","Não",49.1,"Sim","Branca","Não"
"895","Não",48.4,"Sim","Parda","Não"
"896","Não",45.7,"Sim","Preta","Não"
"897","Não",52.5,"Sim","Branca","Não"
"898","Não",46.4,"Sim","Branca","Não"
"899","Não",25.8,"Sim","Amarela","Não"
"900","Não",43.1,"Não","Parda","Não"
"901","Não",55.3,"Sim","Preta","Não"
"902","Não",63,"Não","Parda","Não"
"903","Não",48.5,"Sim","Amarela","Não"
"904","Sim, por ter estudado em escola pública ou particular com bolsa de estudos",25.5,"Sim","Branca","Sim"
"905","Não",55.6,"Não","Parda","Não"
"906","Não",52.5,"Sim","Branca","Não"
"907","Não",32.8,"Sim","Parda","Não"
"908","Não",56.6,"Não","Branca","Não"
"909","Não",33.5,"Sim","Amarela","Não"
"910","Não",48.4,"Sim","Preta","Não"
"911","Não",27.8,"Sim","Branca","Não"
"912","Sim, por ter estudado em escola pública ou particular com bolsa de estudos",51.6,"Sim","Parda","Sim"
"913","Não",27.4,"Não","Branca","Não"
"914","Sim, por ter estudado em escola pública ou particular com bolsa de estudos",22.3,"Sim","Amarela","Sim"
"915","Sim, por ter estudado em escola pública ou particular com bolsa de estudos",50.6,"Sim","Parda","Sim"
"916","Não",52.5,"Não","Branca","Não"
"917","Sim, por critério de renda",29.1,"Sim","Branca","Sim"
"918","Sim, por ter estudado em escola pública ou particular com bolsa de estudos",40.4,"Não","Branca","Sim"
"919","Sim, por ter estudado em escola pública ou particular com bolsa de estudos",49.8,"Sim","Branca","Sim"
"920","Sim, por ter estudado em escola pública ou particular com bolsa de estudos",36.9,"Não","Parda","Sim"
"921","Não",49.4,"Sim","Parda","Não"
"922","Não",38.8,"Sim","Parda","Não"
"923","Não",70.4,"Sim","Branca","Não"
"924","Não",40.6,"Sim","Não quero declarar","Não"
"925","Não",53.9,"Sim","Parda","Não"
"926","Não",39.9,"Sim","Branca","Não"
"927","Não",34.4,"Não","Branca","Não"
"928","Sim, por sistema que combina dois ou mais critérios anteriores",60.8,"Sim","Preta","Sim"
"929","Não",29.1,"Não","Branca","Não"
"930","Sim, por sistema que combina dois ou mais critérios anteriores",34.3,"Sim","Branca","Sim"
"931","Não",46.8,"Sim","Branca","Não"
"932","Não",36,"Não","Parda","Não"
"933","Sim, por ter estudado em escola pública ou particular com bolsa de estudos",32.1,"Não","Branca","Sim"
"934","Não",28.7,"Sim","Branca","Não"
"935","Não",39.2,"Não","Branca","Não"
"936","Não",54.9,"Sim","Amarela","Não"
"937","Não",35.4,"Não","Parda","Não"
"938","Sim, por critério de renda",60,"Não","Amarela","Sim"
"939","Sim, por critério de renda",54,"Não","Branca","Sim"
"940","Sim, por ter estudado em escola pública ou particular com bolsa de estudos",54.4,"Sim","Branca","Sim"
"941","Não",20,"Sim","Branca","Não"
"942","Sim, por ter estudado em escola pública ou particular com bolsa de estudos",45.2,"Não","Branca","Sim"
"943","Não",42.8,"Não","Parda","Não"
"944","Não",47,"Não","Parda","Não"
"945","Não",38.2,"Sim","Branca","Não"
"946","Sim, por ter estudado em escola pública ou particular com bolsa de estudos",46.5,"Não","Branca","Sim"
"947","Não",65,"Sim","Parda","Não"
"948","Não",38.3,"Não","Branca","Não"
"949","Não",40.6,"Sim","Branca","Não"
"950","Não",32.1,"Não","Branca","Não"
"951","Sim, por ter estudado em escola pública ou particular com bolsa de estudos",34.3,"Não","Parda","Sim"
"952","Não",53.3,"Sim","Parda","Não"
"953","Não",31.7,"Não","Parda","Não"
"954","Não",49.8,"Sim","Indígena","Não"
"955","Sim, por sistema diferente dos anteriores",35.6,"Não","Parda","Sim"
"956","Não",69.5,"Sim","Parda","Não"
"957","Sim, por critério de renda",51.1,"Não","Branca","Sim"
"958","Não",46.8,"Não","Parda","Não"
"959","Sim, por ter estudado em escola pública ou particular com bolsa de estudos",35.5,"Sim","Branca","Sim"
"960","Sim, por critério de renda",42.8,"Não","Branca","Sim"
"961","Não",33.4,"Não","Parda","Não"
"962","Não",35.6,"Não","Branca","Não"
"963","Não",55.7,"Sim","Branca","Não"
"964","Sim, por sistema diferente dos anteriores",54.3,"Não","Parda","Sim"
"965","Sim, por ter estudado em escola pública ou particular com bolsa de estudos",66.3,"Sim","Parda","Sim"
"966","Não",37.4,"Não","Parda","Não"
"967","Não",59.1,"Sim","Branca","Não"
"968","Sim, por critério de renda",37.6,"Sim","Parda","Sim"
"969","Não",40.5,"Sim","Branca","Não"
"970","Não",55.6,"Não","Parda","Não"
"971","Sim, por sistema que combina dois ou mais critérios anteriores",54.8,"Não","Parda","Sim"
"972","Sim, por critério étnico-racial",50.1,"Não","Parda","Sim"
"973","Sim, por critério de renda",42.9,"Sim","Branca","Sim"
"974","Sim, por critério de renda",44.6,"Sim","Branca","Sim"
"975","Não",39.7,"Sim","Parda","Não"
"976","Não",38.7,"Não","Parda","Não"
"977","Sim, por sistema diferente dos anteriores",47.4,"Não","Parda","Sim"
"978","Não",32.2,"Não","Parda","Não"
"979","Não",51.3,"Não","Parda","Não"
"980","Não",66,"Sim","Branca","Não"
"981","Sim, por critério de renda",46.7,"Sim","Branca","Sim"
"982","Não",56.8,"Sim","Parda","Não"
"983","Não",53.5,"Não","Parda","Não"
"984","Não",41.9,"Sim","Não quero declarar","Não"
"985","Sim, por sistema que combina dois ou mais critérios anteriores",52.2,"Sim","Branca","Sim"
"986","Sim, por sistema que combina dois ou mais critérios anteriores",69,"Não","Parda","Sim"
"987","Sim, por ter estudado em escola pública ou particular com bolsa de estudos",34.1,"Sim","Branca","Sim"
"988","Não",48.4,"Sim","Parda","Não"
"989","Não",39.7,"Não","Parda","Não"
"990","Não",35.4,"Sim","Parda","Não"
"991","Não",46.1,"Não","Parda","Não"
"992","Não",38.5,"Não","Parda","Não"
"993","Sim, por ter estudado em escola pública ou particular com bolsa de estudos",49.4,"Não","Parda","Sim"
"994","Não",30.7,"Não","Parda","Não"
"995","Sim, por ter estudado em escola pública ou particular com bolsa de estudos",43.4,"Não","Parda","Sim"
"996","Sim, por ter estudado em escola pública ou particular com bolsa de estudos",39.7,"Não","Parda","Sim"
"997","Não",39.6,"Sim","Parda","Não"
"998","Sim, por ter estudado em escola pública ou particular com bolsa de estudos",59.4,"Sim","Parda","Sim"
"999","Não",42.3,"Sim","Branca","Não"
"1000","Sim, por critério de renda",43,"Não","Parda","Sim"
"1001","Sim, por ter estudado em escola pública ou particular com bolsa de estudos",50.8,"Sim","Parda","Sim"
"1002","Não",33.5,"Não","Parda","Não"
"1003","Sim, por ter estudado em escola pública ou particular com bolsa de estudos",33.6,"Sim","Parda","Sim"
"1004","Sim, por critério de renda",60.3,"Não","Preta","Sim"
"1005","Sim, por ter estudado em escola pública ou particular com bolsa de estudos",51,"Sim","Branca","Sim"
"1006","Sim, por ter estudado em escola pública ou particular com bolsa de estudos",36.3,"Sim","Parda","Sim"
"1007","Não",43.9,"Não","Branca","Não"
"1008","Sim, por sistema que combina dois ou mais critérios anteriores",23.8,"Não","Branca","Sim"
"1009","Sim, por ter estudado em escola pública ou particular com bolsa de estudos",46,"Sim","Parda","Sim"
"1010","Sim, por ter estudado em escola pública ou particular com bolsa de estudos",18.4,"Não","Parda","Sim"
"1011","Não",39.4,"Não","Parda","Não"
"1012","Sim, por critério de renda",56.9,"Sim","Parda","Sim"
"1013","Não",29.3,"Sim","Parda","Não"
"1014","Não",61.3,"Sim","Parda","Não"
"1015","Sim, por critério de renda",32.9,"Sim","Branca","Sim"
"1016","Não",36.4,"Não","Branca","Não"
"1017","Não",53.4,"Sim","Parda","Não"
"1018","Não",35.3,"Não","Parda","Não"
"1019","Não",23.9,"Sim","Parda","Não"
"1020","Não",32.3,"Sim","Branca","Não"
"1021","Não",40.4,"Sim","Branca","Não"
"1022","Sim, por critério étnico-racial",43.8,"Não","Parda","Sim"
"1023","Sim, por sistema que combina dois ou mais critérios anteriores",33.7,"Não","Parda","Sim"
"1024","Não",34,"Sim","Parda","Não"
"1025","Não",32.2,"Sim","Branca","Não"
"1026","Não",37.1,"Sim","Branca","Não"
"1027","Não",33.3,"Não","Branca","Não"
"1028","Não",49.4,"Não","Parda","Não"
"1029","Não",28.1,"Não","Parda","Não"
"1030","Sim, por ter estudado em escola pública ou particular com bolsa de estudos",39.8,"Não","Parda","Sim"
"1031","Sim, por critério de renda",42.5,"Não","Parda","Sim"
"1032","Sim, por ter estudado em escola pública ou particular com bolsa de estudos",42.8,"Sim","Branca","Sim"
"1033","Não",45.7,"Não","Parda","Não"
"1034","Sim, por critério de renda",43.9,"Não","Parda","Sim"
"1035","Não",29.7,"Não","Parda","Não"
"1036","Sim, por critério de renda",38.8,"Não","Preta","Sim"
"1037","Não",32.1,"Sim","Parda","Não"
"1038","Sim, por sistema que combina dois ou mais critérios anteriores",32.3,"Não","Parda","Sim"
"1039","Não",25.9,"Sim","Branca","Não"
"1040","Sim, por critério de renda",37.3,"Não","Amarela","Sim"
"1041","Não",35.5,"Sim","Não quero declarar","Não"
"1042","Não",29.9,"Sim","Branca","Não"
"1043","Não",43.1,"Sim","Parda","Não"
"1044","Não",48.2,"Não","Branca","Não"
"1045","Sim, por ter estudado em escola pública ou particular com bolsa de estudos",47.5,"Não","Parda","Sim"
"1046","Não",36.1,"Sim","Branca","Não"
"1047","Não",38.1,"Sim","Parda","Não"
"1048","Sim, por critério de renda",46.4,"Sim","Parda","Sim"
"1049","Sim, por ter estudado em escola pública ou particular com bolsa de estudos",37.2,"Não","Parda","Sim"
"1050","Não",29.5,"Sim","Branca","Não"
"1051","Não",32.4,"Não","Preta","Não"
"1052","Não",32.8,"Sim","Parda","Não"
"1053","Não",35.6,"Sim","Preta","Não"
"1054","Não",40.9,"Não","Parda","Não"
"1055","Sim, por critério de renda",25.9,"Não","Branca","Sim"
"1056","Sim, por ter estudado em escola pública ou particular com bolsa de estudos",39.7,"Sim","Parda","Sim"
"1057","Sim, por ter estudado em escola pública ou particular com bolsa de estudos",41.5,"Não","Parda","Sim"
"1058","Sim, por sistema que combina dois ou mais critérios anteriores",43.2,"Sim","Parda","Sim"
"1059","Não",56.8,"Sim","Parda","Não"
"1060","Não",44.6,"Sim","Parda","Não"
"1061","Não",44,"Sim","Parda","Não"
"1062","Sim, por sistema que combina dois ou mais critérios anteriores",51.4,"Não","Parda","Sim"
"1063","Não",46,"Não","Parda","Não"
"1064","Não",44.9,"Sim","Parda","Não"
"1065","Não",45.2,"Sim","Parda","Não"
"1066","Sim, por critério étnico-racial",39.2,"Sim","Parda","Sim"
"1067","Não",43.6,"Sim","Parda","Não"
"1068","Não",41.7,"Sim","Branca","Não"
"1069","Sim, por critério de renda",49.3,"Sim","Amarela","Sim"
"1070","Não",55.1,"Não","Branca","Não"
"1071","Não",33.1,"Não","Parda","Não"
"1072","Não",28.3,"Sim","Branca","Não"
"1073","Sim, por sistema que combina dois ou mais critérios anteriores",46.6,"Sim","Parda","Sim"
"1074","Não",42.6,"Sim","Parda","Não"
"1075","Não",59.7,"Não","Branca","Não"
"1076","Não",48.4,"Sim","Branca","Não"
"1077","Não",34.6,"Sim","Branca","Não"
"1078","Não",30.1,"Sim","Parda","Não"
"1079","Não",43.3,"Sim","Preta","Não"
"1080","Sim, por sistema que combina dois ou mais critérios anteriores",53.6,"Não","Parda","Sim"
"1081","Não",33,"Sim","Branca","Não"
"1082","Não",41.2,"Sim","Não quero declarar","Não"
"1083","Não",51.6,"Sim","Branca","Não"
"1084","Não",54.5,"Não","Preta","Não"
"1085","Não",43.3,"Não","Parda","Não"
"1086","Sim, por sistema que combina dois ou mais critérios anteriores",38.8,"Sim","Parda","Sim"
"1087","Não",58.3,"Sim","Parda","Não"
"1088","Sim, por sistema que combina dois ou mais critérios anteriores",48.7,"Sim","Branca","Sim"
"1089","Não",53.6,"Sim","Branca","Não"
"1090","Sim, por critério de renda",58.5,"Sim","Parda","Sim"
"1091","Não",48.8,"Não","Parda","Não"
"1092","Sim, por ter estudado em escola pública ou particular com bolsa de estudos",59.5,"Sim","Parda","Sim"
"1093","Não",54,"Não","Preta","Não"
"1094","Sim, por critério étnico-racial",30,"Não","Parda","Sim"
"1095","Não",47.8,"Sim","Branca","Não"
"1096","Não",37.9,"Sim","Branca","Não"
"1097","Sim, por sistema que combina dois ou mais critérios anteriores",35.8,"Sim","Preta","Sim"
"1098","Sim, por critério de renda",53.2,"Sim","Branca","Sim"
"1099","Sim, por critério de renda",55.3,"Sim","Branca","Sim"
"1100","Sim, por sistema que combina dois ou mais critérios anteriores",55.3,"Sim","Parda","Sim"
"1101","Não",56.6,"Sim","Parda","Não"
"1102","Não",29.3,"Sim","Parda","Não"
"1103","Não",56.8,"Sim","Parda","Não"
"1104","Não",36,"Sim","Parda","Não"
"1105","Não",28.9,"Sim","Branca","Não"
"1106",NA,33.1,NA,NA,NA
"1107","Não",42.9,"Sim","Branca","Não"
"1108","Não",37.4,"Não","Branca","Não"
"1109","Não",33.2,"Não","Amarela","Não"
"1110","Não",48.4,"Não","Branca","Não"
"1111","Não",26.2,"Sim","Parda","Não"
"1112","Não",44.8,"Sim","Branca","Não"
"1113","Não",26,"Sim","Parda","Não"
"1114","Sim, por ter estudado em escola pública ou particular com bolsa de estudos",48.2,"Não","Parda","Sim"
"1115","Não",32.9,"Não","Parda","Não"
"1116","Sim, por ter estudado em escola pública ou particular com bolsa de estudos",22.4,"Sim","Parda","Sim"
"1117","Não",38.8,"Sim","Parda","Não"
"1118","Não",36.3,"Não","Preta","Não"
"1119","Sim, por critério de renda",24.7,"Sim","Parda","Sim"
"1120","Sim, por ter estudado em escola pública ou particular com bolsa de estudos",43.2,"Não","Amarela","Sim"
"1121","Não",43.6,"Sim","Branca","Não"
"1122","Não",36.1,"Sim","Parda","Não"
"1123","Sim, por critério de renda",26.2,"Sim","Parda","Sim"
"1124","Não",33.1,"Sim","Branca","Não"
"1125","Não",46.8,"Sim","Branca","Não"
"1126","Não",24.3,"Não","Branca","Não"
"1127","Não",30.8,"Sim","Parda","Não"
"1128","Não",28.6,"Sim","Parda","Não"
"1129","Sim, por ter estudado em escola pública ou particular com bolsa de estudos",23.6,"Sim","Parda","Sim"
"1130","Sim, por sistema que combina dois ou mais critérios anteriores",53.8,"Não","Branca","Sim"
"1131","Não",13.4,"Sim","Branca","Não"
"1132","Não",24,"Não","Branca","Não"
"1133","Não",23.4,"Sim","Parda","Não"
"1134","Sim, por ter estudado em escola pública ou particular com bolsa de estudos",29.1,"Sim","Branca","Sim"
"1135","Não",44,"Não","Branca","Não"
"1136","Sim, por sistema que combina dois ou mais critérios anteriores",26.4,"Não","Preta","Sim"
"1137","Não",42.9,"Sim","Parda","Não"
"1138","Sim, por critério de renda",47.2,"Sim","Parda","Sim"
"1139","Sim, por ter estudado em escola pública ou particular com bolsa de estudos",27,"Não","Parda","Sim"
"1140","Não",37.2,"Sim","Branca","Não"
"1141","Sim, por critério de renda",44.3,"Sim","Amarela","Sim"
"1142","Não",32.4,"Sim","Parda","Não"
"1143","Não",26.9,"Não","Parda","Não"
"1144","Não",45.3,"Não","Branca","Não"
"1145","Não",55.7,"Não","Parda","Não"
"1146","Não",43.7,"Sim","Não quero declarar","Não"
"1147","Não",42.6,"Não","Parda","Não"
"1148","Não",27.9,"Sim","Branca","Não"
"1149","Sim, por sistema que combina dois ou mais critérios anteriores",30.7,"Não","Parda","Sim"
"1150","Não",28,"Sim","Branca","Não"
"1151","Sim, por sistema que combina dois ou mais critérios anteriores",54,"Sim","Parda","Sim"
"1152","Não",26.1,"Sim","Branca","Não"
"1153","Não",66.4,"Sim","Branca","Não"
"1154","Não",27.3,"Sim","Branca","Não"
"1155","Não",27,"Sim","Branca","Não"
"1156","Não",52.2,"Sim","Branca","Não"
"1157","Não",54.2,"Não","Parda","Não"
"1158","Não",16.4,"Sim","Branca","Não"
"1159","Não",50.7,"Não","Parda","Não"
"1160","Sim, por ter estudado em escola pública ou particular com bolsa de estudos",35.9,"Sim","Branca","Sim"
"1161","Sim, por ter estudado em escola pública ou particular com bolsa de estudos",53.1,"Não","Parda","Sim"
"1162","Não",37.4,"Sim","Amarela","Não"
"1163","Sim, por sistema que combina dois ou mais critérios anteriores",41.2,"Sim","Branca","Sim"
"1164","Não",34.2,"Sim","Branca","Não"
"1165","Sim, por ter estudado em escola pública ou particular com bolsa de estudos",37.1,"Não","Parda","Sim"
"1166","Não",43.4,"Sim","Parda","Não"
"1167","Não",34.1,"Sim","Parda","Não"
"1168","Não",42.7,"Não","Branca","Não"
"1169","Não",56.3,"Sim","Branca","Não"
"1170","Não",52.4,"Não","Branca","Não"
"1171","Não",36.1,"Sim","Parda","Não"
"1172","Sim, por ter estudado em escola pública ou particular com bolsa de estudos",48.1,"Sim","Parda","Sim"
"1173","Não",27.7,"Sim","Preta","Não"
"1174","Não",49.4,"Sim","Parda","Não"
"1175","Não",49.6,"Sim","Parda","Não"
"1176","Não",41.9,"Sim","Branca","Não"
"1177","Não",63.1,"Não","Branca","Não"
"1178","Não",41.5,"Sim","Branca","Não"
"1179","Não",22.7,"Sim","Parda","Não"
"1180","Não",45.9,"Não","Parda","Não"
"1181","Não",53.1,"Sim","Branca","Não"
"1182","Não",53.2,"Sim","Branca","Não"
"1183","Não",45.1,"Sim","Preta","Não"
"1184","Não",41.8,"Sim","Preta","Não"
"1185","Não",28.5,"Sim","Parda","Não"
"1186","Não",38.1,"Sim","Parda","Não"
"1187","Não",58.3,"Sim","Branca","Não"
"1188","Não",33.3,"Sim","Não quero declarar","Não"
"1189","Não",48.1,"Sim","Parda","Não"
"1190","Não",47.4,"Sim","Branca","Não"
"1191","Sim, por critério étnico-racial",37.8,"Sim","Parda","Sim"
"1192","Não",44.1,"Sim","Parda","Não"
"1193","Não",57.1,"Sim","Parda","Não"
"1194","Não",68.5,"Não","Branca","Não"
"1195","Não",55.3,"Sim","Branca","Não"
"1196","Não",47.9,"Sim","Preta","Não"
"1197","Não",42.6,"Sim","Branca","Não"
"1198","Não",43.9,"Sim","Branca","Não"
"1199","Sim, por critério étnico-racial",39.2,"Não","Parda","Sim"
"1200","Sim, por sistema que combina dois ou mais critérios anteriores",46.3,"Sim","Parda","Sim"
"1201","Não",41.7,"Sim","Branca","Não"
"1202","Não",45,"Não","Parda","Não"
"1203","Não",35,"Sim","Branca","Não"
"1204","Não",54.9,"Não","Preta","Não"
"1205","Sim, por critério de renda",44.9,"Não","Não quero declarar","Sim"
"1206","Não",49.4,"Sim","Parda","Não"
"1207","Não",39.8,"Sim","Parda","Não"
"1208","Sim, por critério étnico-racial",34.1,"Não","Preta","Sim"
"1209","Não",47.4,"Não","Branca","Não"
"1210","Não",46.2,"Não","Preta","Não"
"1211","Não",52.1,"Sim","Parda","Não"
"1212","Não",47.4,"Sim","Parda","Não"
"1213","Não",49.3,"Sim","Parda","Não"
"1214","Não",30.4,"Sim","Branca","Não"
"1215","Não",44.3,"Sim","Branca","Não"
"1216","Não",39.5,"Não","Branca","Não"
"1217","Não",35,"Não","Parda","Não"
"1218","Sim, por sistema que combina dois ou mais critérios anteriores",59,"Sim","Preta","Sim"
"1219","Sim, por ter estudado em escola pública ou particular com bolsa de estudos",31.5,"Não","Parda","Sim"
"1220","Não",54.7,"Sim","Parda","Não"
"1221","Sim, por ter estudado em escola pública ou particular com bolsa de estudos",43,"Sim","Parda","Sim"
"1222","Não",57.8,"Não","Parda","Não"
"1223","Não",60.8,"Sim","Parda","Não"
"1224","Não",44.2,"Não","Amarela","Não"
"1225","Não",65.3,"Não","Parda","Não"
"1226","Sim, por critério étnico-racial",43.1,"Não","Preta","Sim"
"1227","Sim, por ter estudado em escola pública ou particular com bolsa de estudos",49.2,"Sim","Branca","Sim"
"1228","Não",39.1,"Não","Parda","Não"
"1229","Não",50.6,"Não","Preta","Não"
"1230","Sim, por critério de renda",64.4,"Não","Parda","Sim"
"1231","Não",43.4,"Sim","Branca","Não"
"1232","Sim, por critério de renda",49.2,"Sim","Parda","Sim"
"1233","Sim, por sistema diferente dos anteriores",34.9,"Sim","Branca","Sim"
"1234","Não",46.5,"Sim","Branca","Não"
"1235","Não",63.1,"Sim","Parda","Não"
"1236","Sim, por critério étnico-racial",48.1,"Não","Parda","Sim"
"1237","Não",60.4,"Não","Parda","Não"
"1238","Sim, por ter estudado em escola pública ou particular com bolsa de estudos",22.8,"Sim","Parda","Sim"
"1239","Não",34.4,"Sim","Preta","Não"
"1240","Não",49.6,"Não","Parda","Não"
"1241","Sim, por critério étnico-racial",43.6,"Sim","Preta","Sim"
"1242","Sim, por ter estudado em escola pública ou particular com bolsa de estudos",36.7,"Não","Amarela","Sim"
"1243","Sim, por ter estudado em escola pública ou particular com bolsa de estudos",44.3,"Não","Parda","Sim"
"1244","Sim, por sistema que combina dois ou mais critérios anteriores",61.5,"Sim","Branca","Sim"
"1245","Sim, por critério de renda",43.3,"Não","Preta","Sim"
"1246","Sim, por ter estudado em escola pública ou particular com bolsa de estudos",46.8,"Sim","Amarela","Sim"
"1247","Não",40.7,"Sim","Parda","Não"
"1248","Sim, por critério étnico-racial",59.2,"Não","Parda","Sim"
"1249","Não",27.1,"Não","Branca","Não"
"1250","Não",74.6,"Sim","Parda","Não"
"1251","Não",57.2,"Sim","Branca","Não"
"1252","Sim, por critério étnico-racial",35.8,"Sim","Parda","Sim"
"1253","Não",52.4,"Sim","Parda","Não"
"1254","Não",45.5,"Sim","Branca","Não"
"1255","Sim, por critério de renda",73.3,"Sim","Parda","Sim"
"1256","Sim, por ter estudado em escola pública ou particular com bolsa de estudos",73.9,"Não","Parda","Sim"
"1257","Não",42.3,"Não","Branca","Não"
"1258","Sim, por sistema que combina dois ou mais critérios anteriores",45.1,"Não","Preta","Sim"
"1259","Sim, por ter estudado em escola pública ou particular com bolsa de estudos",59.5,"Sim","Parda","Sim"
"1260","Sim, por ter estudado em escola pública ou particular com bolsa de estudos",48.9,"Sim","Parda","Sim"
"1261","Sim, por ter estudado em escola pública ou particular com bolsa de estudos",46.1,"Não","Branca","Sim"
"1262","Não",43.2,"Sim","Branca","Não"
"1263","Sim, por sistema que combina dois ou mais critérios anteriores",42.8,"Sim","Branca","Sim"
"1264","Não",37.3,"Sim","Parda","Não"
"1265","Sim, por sistema que combina dois ou mais critérios anteriores",62.6,"Sim","Parda","Sim"
"1266","Não",42,"Não","Parda","Não"
"1267","Não",27.1,"Não","Branca","Não"
"1268","Sim, por sistema que combina dois ou mais critérios anteriores",45.6,"Sim","Preta","Sim"
"1269","Sim, por critério de renda",29.7,"Não","Parda","Sim"
"1270","Sim, por ter estudado em escola pública ou particular com bolsa de estudos",53,"Não","Branca","Sim"
"1271","Sim, por critério de renda",63.8,"Sim","Parda","Sim"
"1272","Sim, por ter estudado em escola pública ou particular com bolsa de estudos",56.3,"Sim","Parda","Sim"
"1273","Sim, por critério de renda",49.1,"Não","Parda","Sim"
"1274","Não",47.5,"Sim","Parda","Não"
"1275","Sim, por sistema que combina dois ou mais critérios anteriores",65.8,"Não","Parda","Sim"
"1276","Não",35.6,"Sim","Branca","Não"
"1277","Não",39.9,"Sim","Parda","Não"
"1278",NA,56.3,NA,NA,NA
"1279","Não",46.7,"Não","Branca","Não"
"1280","Não",57.6,"Sim","Parda","Não"
"1281","Não",18.8,"Sim","Parda","Não"
"1282","Não",44.2,"Sim","Parda","Não"
"1283","Sim, por critério de renda",70.9,"Sim","Parda","Sim"
"1284","Não",52.6,"Sim","Não quero declarar","Não"
"1285","Não",38.7,"Não","Parda","Não"
"1286",NA,70.3,NA,NA,NA
"1287","Sim, por critério de renda",61.9,"Não","Parda","Sim"
"1288","Não",62.5,"Não","Branca","Não"
"1289","Não",50.8,"Não","Preta","Não"
"1290","Não",31.8,"Sim","Parda","Não"
"1291","Não",43.9,"Sim","Parda","Não"
"1292","Sim, por critério étnico-racial",28.3,"Sim","Parda","Sim"
"1293","Não",68.6,"Sim","Branca","Não"
"1294","Não",49.3,"Não","Branca","Não"
"1295","Não",47.2,"Sim","Branca","Não"
"1296","Não",62.5,"Sim","Branca","Não"
"1297","Não",41.4,"Sim","Parda","Não"
"1298","Não",54.3,"Sim","Parda","Não"
"1299","Não",65.2,"Sim","Branca","Não"
"1300","Não",72.4,"Sim","Parda","Não"
"1301","Não",79,"Sim","Branca","Não"
"1302","Não",45.3,"Sim","Parda","Não"
"1303","Não",40.3,"Sim","Branca","Não"
"1304","Não",60.3,"Sim","Branca","Não"
"1305","Não",48.2,"Sim","Branca","Não"
"1306","Não",36.6,"Sim","Não quero declarar","Não"
"1307","Não",30.7,"Não","Parda","Não"
"1308","Não",40.6,"Sim","Parda","Não"
"1309","Não",34.4,"Sim","Branca","Não"
"1310","Não",35.7,"Sim","Parda","Não"
"1311","Sim, por critério de renda",36.9,"Sim","Parda","Sim"
"1312","Não",49,"Sim","Branca","Não"
"1313","Não",28.4,"Não","Branca","Não"
"1314","Sim, por ter estudado em escola pública ou particular com bolsa de estudos",51,"Não","Branca","Sim"
"1315","Sim, por ter estudado em escola pública ou particular com bolsa de estudos",47.5,"Sim","Branca","Sim"
"1316","Não",46.7,"Sim","Branca","Não"
"1317","Não",42.3,"Sim","Branca","Não"
"1318","Não",44.5,"Não","Parda","Não"
"1319","Não",35,"Sim","Preta","Não"
"1320","Sim, por ter estudado em escola pública ou particular com bolsa de estudos",29.7,"Não","Branca","Sim"
"1321","Não",28.8,"Não","Amarela","Não"
"1322","Não",44.2,"Sim","Branca","Não"
"1323","Não",46.3,"Sim","Branca","Não"
"1324","Não",49,"Sim","Não quero declarar","Não"
"1325","Não",30.8,"Não","Preta","Não"
"1326","Não",39.2,"Sim","Branca","Não"
"1327","Não",42.8,"Sim","Branca","Não"
"1328","Não",30.9,"Sim","Branca","Não"
"1329","Sim, por ter estudado em escola pública ou particular com bolsa de estudos",26.8,"Sim","Parda","Sim"
"1330","Não",40.4,"Sim","Parda","Não"
"1331","Não",20.5,"Sim","Branca","Não"
"1332","Sim, por critério de renda",42.1,"Sim","Parda","Sim"
"1333","Não",46.4,"Sim","Branca","Não"
"1334","Não",34,"Não","Branca","Não"
"1335","Sim, por ter estudado em escola pública ou particular com bolsa de estudos",16.8,"Sim","Parda","Sim"
"1336","Não",42.2,"Não","Parda","Não"
"1337","Não",33.9,"Não","Branca","Não"
"1338","Sim, por ter estudado em escola pública ou particular com bolsa de estudos",31,"Sim","Parda","Sim"
"1339","Não",39.5,"Não","Branca","Não"
"1340","Não",37.9,"Sim","Amarela","Não"
"1341","Não",9.1,"Sim","Parda","Não"
"1342","Não",48.8,"Sim","Parda","Não"
"1343","Não",28.5,"Não","Branca","Não"
"1344","Não",23.5,"Não","Branca","Não"
"1345","Não",21.6,"Sim","Branca","Não"
"1346","Não",27.7,"Sim","Parda","Não"
"1347","Sim, por ter estudado em escola pública ou particular com bolsa de estudos",40.8,"Sim","Parda","Sim"
"1348","Não",31.3,"Não","Branca","Não"
"1349","Não",42.1,"Sim","Parda","Não"
"1350","Sim, por critério de renda",18.8,"Não","Branca","Sim"
"1351","Não",30.2,"Sim","Preta","Não"
"1352","Não",40.9,"Sim","Branca","Não"
"1353","Sim, por ter estudado em escola pública ou particular com bolsa de estudos",34.3,"Sim","Parda","Sim"
"1354","Não",37.5,"Sim","Branca","Não"
"1355","Não",29.6,"Não","Preta","Não"
"1356","Sim, por critério étnico-racial",39.4,"Sim","Parda","Sim"
"1357",NA,37.6,NA,NA,NA
"1358","Não",51.4,"Não","Parda","Não"
"1359","Não",38.3,"Sim","Branca","Não"
"1360","Sim, por sistema que combina dois ou mais critérios anteriores",47.8,"Sim","Parda","Sim"
"1361","Não",57.6,"Sim","Parda","Não"
"1362","Não",46.8,"Sim","Não quero declarar","Não"
"1363","Não",33.6,"Não","Parda","Não"
"1364","Não",21.3,"Sim","Parda","Não"
"1365","Sim, por sistema diferente dos anteriores",32.5,"Sim","Branca","Sim"
"1366","Não",30.6,"Sim","Branca","Não"
"1367","Não",31.4,"Sim","Parda","Não"
"1368","Sim, por sistema que combina dois ou mais critérios anteriores",49.2,"Sim","Parda","Sim"
"1369","Não",44.1,"Sim","Branca","Não"
"1370",NA,55.6,NA,NA,NA
"1371","Não",48.5,"Sim","Parda","Não"
"1372","Sim, por ter estudado em escola pública ou particular com bolsa de estudos",49.8,"Não","Parda","Sim"
"1373",NA,54.3,NA,NA,NA
"1374","Não",42,"Sim","Branca","Não"
"1375","Não",54,"Sim","Branca","Não"
"1376","Não",46.2,"Sim","Parda","Não"
"1377","Sim, por sistema diferente dos anteriores",28.1,"Sim","Parda","Sim"
"1378","Sim, por critério de renda",42.4,"Não","Parda","Sim"
"1379",NA,40.1,NA,NA,NA
"1380","Não",58.4,"Sim","Parda","Não"
"1381",NA,33.2,NA,NA,NA
"1382","Sim, por ter estudado em escola pública ou particular com bolsa de estudos",30.7,"Sim","Parda","Sim"
"1383","Sim, por ter estudado em escola pública ou particular com bolsa de estudos",34.6,"Sim","Branca","Sim"
"1384",NA,29.6,NA,NA,NA
"1385","Não",37.2,"Sim","Parda","Não"
"1386","Não",29.4,"Sim","Branca","Não"
"1387","Não",60.6,"Não","Parda","Não"
"1388","Sim, por sistema diferente dos anteriores",40,"Sim","Parda","Sim"
"1389","Não",50.2,"Sim","Branca","Não"
"1390","Sim, por critério de renda",43.3,"Não","Parda","Sim"
"1391","Não",38.1,"Não","Branca","Não"
"1392","Não",66.3,"Não","Parda","Não"
"1393","Não",46.4,"Sim","Branca","Não"
"1394","Não",41.9,"Sim","Parda","Não"
"1395","Sim, por sistema que combina dois ou mais critérios anteriores",32.7,"Não","Preta","Sim"
"1396","Sim, por critério étnico-racial",34.9,"Sim","Parda","Sim"
"1397","Sim, por critério de renda",40.7,"Sim","Branca","Sim"
"1398",NA,39.8,NA,NA,NA
"1399","Sim, por critério de renda",63.8,"Não","Não quero declarar","Sim"
"1400","Não",40.7,"Sim","Preta","Não"
"1401","Não",56.6,"Não","Parda","Não"
"1402","Sim, por sistema que combina dois ou mais critérios anteriores",53.6,"Não","Parda","Sim"
"1403","Não",35.7,"Sim","Parda","Não"
"1404","Sim, por critério étnico-racial",47.4,"Não","Preta","Sim"
"1405","Não",50.8,"Não","Parda","Não"
"1406","Não",41.5,"Não","Amarela","Não"
"1407","Sim, por critério de renda",56.4,"Sim","Branca","Sim"
"1408","Sim, por sistema que combina dois ou mais critérios anteriores",45.2,"Não","Parda","Sim"
"1409","Não",35.9,"Sim","Parda","Não"
"1410","Não",37.6,"Sim","Amarela","Não"
"1411",NA,13.2,NA,NA,NA
"1412","Sim, por ter estudado em escola pública ou particular com bolsa de estudos",54.2,"Não","Branca","Sim"
"1413","Não",53.6,"Não","Branca","Não"
"1414","Sim, por ter estudado em escola pública ou particular com bolsa de estudos",40.6,"Não","Parda","Sim"
"1415","Não",35.9,"Sim","Branca","Não"
"1416","Não",43.9,"Não","Parda","Não"
"1417","Não",45.3,"Sim","Preta","Não"
"1418","Sim, por sistema que combina dois ou mais critérios anteriores",39.5,"Sim","Branca","Sim"
"1419","Não",26.4,"Sim","Branca","Não"
"1420","Sim, por critério de renda",53.3,"Não","Preta","Sim"
"1421","Não",40.6,"Sim","Branca","Não"
"1422","Não",51.6,"Sim","Parda","Não"
"1423","Sim, por sistema que combina dois ou mais critérios anteriores",10.9,"Sim","Parda","Sim"
"1424","Não",27.2,"Sim","Parda","Não"
"1425","Sim, por ter estudado em escola pública ou particular com bolsa de estudos",35.9,"Sim","Parda","Sim"
"1426","Sim, por critério de renda",43.4,"Não","Branca","Sim"
"1427","Sim, por sistema diferente dos anteriores",47.9,"Não","Parda","Sim"
"1428","Sim, por sistema que combina dois ou mais critérios anteriores",42.6,"Não","Parda","Sim"
"1429","Não",23.8,"Não","Parda","Não"
"1430","Não",51.7,"Sim","Parda","Não"
"1431","Não",35,"Não","Branca","Não"
"1432","Sim, por ter estudado em escola pública ou particular com bolsa de estudos",44,"Não","Branca","Sim"
"1433","Não",43.1,"Sim","Parda","Não"
"1434","Não",65.4,"Sim","Branca","Não"
"1435","Não",73.6,"Sim","Branca","Não"
"1436","Não",73.9,"Sim","Parda","Não"
"1437","Não",47.6,"Não","Branca","Não"
"1438","Sim, por critério de renda",29.9,"Não","Parda","Sim"
"1439","Não",65.8,"Sim","Não quero declarar","Não"
"1440","Não",40.6,"Sim","Branca","Não"
"1441","Sim, por ter estudado em escola pública ou particular com bolsa de estudos",75.8,"Sim","Parda","Sim"
"1442","Não",68.8,"Sim","Parda","Não"
"1443","Não",64.7,"Sim","Branca","Não"
"1444","Não",50.6,"Sim","Branca","Não"
"1445","Não",68.2,"Sim","Branca","Não"
"1446","Não",75.1,"Sim","Branca","Não"
"1447","Não",71.1,"Sim","Parda","Não"
"1448","Não",53.7,"Sim","Parda","Não"
"1449","Não",62.3,"Sim","Branca","Não"
"1450","Não",70,"Sim","Branca","Não"
"1451","Não",73,"Sim","Branca","Não"
"1452","Não",53.3,"Sim","Branca","Não"
"1453","Não",39.8,"Não","Branca","Não"
"1454","Não",80.2,"Sim","Branca","Não"
"1455","Não",68.5,"Sim","Branca","Não"
"1456","Não",55.7,"Sim","Branca","Não"
"1457","Não",70.1,"Sim","Parda","Não"
"1458","Não",76.4,"Não","Parda","Não"
"1459","Não",76.9,"Sim","Parda","Não"
"1460","Não",64.7,"Sim","Branca","Não"
"1461","Não",76.4,"Sim","Branca","Não"
"1462","Não",60.5,"Sim","Branca","Não"
"1463","Não",77.8,"Sim","Branca","Não"
"1464","Não",64.5,"Sim","Branca","Não"
"1465","Não",60.5,"Sim","Branca","Não"
"1466","Não",65.2,"Não","Branca","Não"
"1467","Não",64,"Sim","Branca","Não"
"1468","Não",50,"Sim","Branca","Não"
"1469","Não",84.8,"Sim","Branca","Não"
"1470","Não",70.1,"Não","Parda","Não"
"1471","Não",77,"Sim","Branca","Não"
"1472","Sim, por ter estudado em escola pública ou particular com bolsa de estudos",66.1,"Sim","Parda","Sim"
"1473","Não",62.6,"Sim","Branca","Não"
"1474","Não",56.5,"Não","Branca","Não"
"1475","Não",61.2,"Sim","Parda","Não"
"1476","Não",64.9,"Sim","Branca","Não"
"1477","Não",66.8,"Sim","Branca","Não"
"1478","Não",73.7,"Sim","Branca","Não"
"1479","Não",53.1,"Sim","Branca","Não"
"1480","Não",74.6,"Não","Parda","Não"
"1481","Sim, por ter estudado em escola pública ou particular com bolsa de estudos",53.9,"Sim","Não quero declarar","Sim"
"1482","Não",38.2,"Sim","Parda","Não"
"1483","Não",34,"Sim","Parda","Não"
"1484","Não",32.6,"Sim","Preta","Não"
"1485","Não",40.6,"Sim","Branca","Não"
"1486","Não",43.6,"Não","Parda","Não"
"1487","Não",39.9,"Sim","Parda","Não"
"1488","Não",69.7,"Sim","Parda","Não"
"1489","Não",44.4,"Sim","Branca","Não"
"1490","Não",53.8,"Sim","Branca","Não"
"1491","Sim, por critério étnico-racial",33.5,"Não","Preta","Sim"
"1492","Não",29,"Não","Parda","Não"
"1493","Sim, por critério de renda",27.8,"Não","Parda","Sim"
"1494","Não",51.7,"Sim","Parda","Não"
"1495","Sim, por ter estudado em escola pública ou particular com bolsa de estudos",40.7,"Sim","Parda","Sim"
"1496","Sim, por critério de renda",49.1,"Sim","Branca","Sim"
"1497","Não",48.7,"Sim","Parda","Não"
"1498","Sim, por ter estudado em escola pública ou particular com bolsa de estudos",33.8,"Sim","Branca","Sim"
"1499","Sim, por sistema que combina dois ou mais critérios anteriores",39.7,"Sim","Parda","Sim"
"1500","Não",29.8,"Sim","Amarela","Não"
"1501","Não",16.3,"Não","Branca","Não"
"1502","Sim, por ter estudado em escola pública ou particular com bolsa de estudos",46.8,"Sim","Parda","Sim"
"1503","Não",49.8,"Sim","Parda","Não"
"1504","Sim, por sistema que combina dois ou mais critérios anteriores",46.9,"Sim","Parda","Sim"
"1505","Sim, por critério de renda",40.3,"Não","Preta","Sim"
"1506","Não",34.2,"Não","Parda","Não"
"1507","Não",25.3,"Sim","Parda","Não"
"1508","Sim, por ter estudado em escola pública ou particular com bolsa de estudos",36.7,"Sim","Parda","Sim"
"1509","Sim, por critério de renda",34.4,"Sim","Branca","Sim"
"1510","Não",38,"Não","Parda","Não"
"1511","Sim, por ter estudado em escola pública ou particular com bolsa de estudos",47.7,"Não","Parda","Sim"
"1512","Não",33.3,"Não","Branca","Não"
"1513","Não",41.6,"Sim","Branca","Não"
"1514","Não",49.4,"Sim","Preta","Não"
"1515","Sim, por ter estudado em escola pública ou particular com bolsa de estudos",29.8,"Sim","Parda","Sim"
"1516","Não",45.8,"Sim","Branca","Não"
"1517","Não",28.4,"Sim","Amarela","Não"
"1518","Não",43,"Sim","Parda","Não"
"1519","Não",63.1,"Não","Parda","Não"
"1520","Não",37.2,"Sim","Branca","Não"
"1521","Sim, por ter estudado em escola pública ou particular com bolsa de estudos",32.8,"Sim","Parda","Sim"
"1522","Sim, por ter estudado em escola pública ou particular com bolsa de estudos",48,"Não","Branca","Sim"
"1523","Não",23.9,"Sim","Parda","Não"
"1524","Sim, por ter estudado em escola pública ou particular com bolsa de estudos",27.3,"Sim","Branca","Sim"
"1525","Sim, por sistema que combina dois ou mais critérios anteriores",31.5,"Não","Parda","Sim"
"1526","Não",28.5,"Sim","Parda","Não"
"1527","Sim, por ter estudado em escola pública ou particular com bolsa de estudos",31.1,"Sim","Parda","Sim"
"1528","Não",35.9,"Sim","Parda","Não"
"1529","Não",21.9,"Sim","Parda","Não"
"1530","Não",31.2,"Não","Parda","Não"
"1531","Não",37.2,"Sim","Branca","Não"
"1532","Sim, por ter estudado em escola pública ou particular com bolsa de estudos",58.5,"Sim","Parda","Sim"
"1533","Não",20.2,"Sim","Parda","Não"
"1534","Não",49.4,"Sim","Parda","Não"
"1535",NA,45.5,NA,NA,NA
"1536","Não",36.6,"Sim","Branca","Não"
"1537","Não",48.4,"Não","Parda","Não"
"1538","Não",55,"Não","Parda","Não"
"1539","Sim, por ter estudado em escola pública ou particular com bolsa de estudos",59.4,"Não","Não quero declarar","Sim"
"1540","Sim, por critério de renda",32.1,"Não","Parda","Sim"
"1541","Não",64.6,"Sim","Parda","Não"
"1542","Não",45.7,"Não","Parda","Não"
"1543","Não",45.2,"Não","Branca","Não"
"1544","Sim, por ter estudado em escola pública ou particular com bolsa de estudos",55,"Não","Preta","Sim"
"1545","Não",35,"Não","Parda","Não"
"1546","Sim, por ter estudado em escola pública ou particular com bolsa de estudos",63.2,"Sim","Branca","Sim"
"1547","Não",47.2,"Sim","Branca","Não"
"1548","Não",49.9,"Não","Preta","Não"
"1549","Sim, por ter estudado em escola pública ou particular com bolsa de estudos",52.5,"Não","Parda","Sim"
"1550","Sim, por sistema que combina dois ou mais critérios anteriores",44.9,"Não","Parda","Sim"
"1551","Sim, por critério de renda",64,"Não","Amarela","Sim"
"1552","Não",36.5,"Não","Branca","Não"
"1553","Não",73.9,"Não","Preta","Não"
"1554","Não",52.7,"Sim","Não quero declarar","Não"
"1555","Não",63.5,"Não","Parda","Não"
"1556","Sim, por sistema diferente dos anteriores",53,"Não","Parda","Sim"
"1557","Sim, por ter estudado em escola pública ou particular com bolsa de estudos",51.7,"Não","Branca","Sim"
"1558","Não",36.2,"Sim","Branca","Não"
"1559","Não",42.2,"Não","Branca","Não"
"1560","Não",75.4,"Sim","Parda","Não"
"1561","Não",45.4,"Não","Parda","Não"
"1562","Sim, por ter estudado em escola pública ou particular com bolsa de estudos",43.8,"Não","Parda","Sim"
"1563","Não",52.7,"Sim","Parda","Não"
"1564","Não",51.2,"Sim","Parda","Não"
"1565","Sim, por sistema que combina dois ou mais critérios anteriores",53.6,"Sim","Preta","Sim"
"1566","Não",65.2,"Não","Preta","Não"
"1567","Sim, por sistema que combina dois ou mais critérios anteriores",32.5,"Sim","Parda","Sim"
"1568","Sim, por critério de renda",43.4,"Sim","Branca","Sim"
"1569","Não",32.6,"Sim","Branca","Não"
"1570","Não",62.1,"Sim","Parda","Não"
"1571","Não",66.2,"Sim","Branca","Não"
"1572","Não",44.5,"Não","Parda","Não"
"1573","Não",63.9,"Sim","Parda","Não"
"1574","Não",68.2,"Sim","Parda","Não"
"1575","Não",41.6,"Não","Parda","Não"
"1576","Sim, por ter estudado em escola pública ou particular com bolsa de estudos",41.4,"Sim","Parda","Sim"
"1577","Sim, por ter estudado em escola pública ou particular com bolsa de estudos",31.7,"Sim","Branca","Sim"
"1578","Sim, por sistema que combina dois ou mais critérios anteriores",64.5,"Não","Preta","Sim"
"1579","Não",66.3,"Sim","Parda","Não"
"1580","Não",69.3,"Sim","Parda","Não"
"1581","Sim, por ter estudado em escola pública ou particular com bolsa de estudos",38.6,"Não","Parda","Sim"
"1582","Não",54.3,"Sim","Branca","Não"
"1583","Sim, por ter estudado em escola pública ou particular com bolsa de estudos",50.1,"Não","Preta","Sim"
"1584","Não",56.5,"Sim","Amarela","Não"
"1585","Não",41.2,"Não","Branca","Não"
"1586","Sim, por sistema que combina dois ou mais critérios anteriores",52,"Sim","Preta","Sim"
"1587","Não",62.7,"Sim","Branca","Não"
"1588","Não",35.9,"Sim","Parda","Não"
"1589","Sim, por ter estudado em escola pública ou particular com bolsa de estudos",51.7,"Não","Parda","Sim"
"1590","Não",50.5,"Sim","Parda","Não"
"1591","Não",66.1,"Não","Parda","Não"
"1592","Não",55.2,"Sim","Parda","Não"
"1593","Sim, por sistema que combina dois ou mais critérios anteriores",43.5,"Sim","Preta","Sim"
"1594","Não",54.9,"Sim","Branca","Não"
"1595","Sim, por ter estudado em escola pública ou particular com bolsa de estudos",49.3,"Sim","Parda","Sim"
"1596","Não",52.1,"Não","Branca","Não"
"1597","Não",40,"Sim","Amarela","Não"
"1598","Não",54.1,"Sim","Branca","Não"
"1599","Não",53.8,"Não","Branca","Não"
"1600","Sim, por sistema que combina dois ou mais critérios anteriores",55.7,"Sim","Não quero declarar","Sim"
"1601","Não",74,"Sim","Parda","Não"
"1602","Sim, por critério de renda",48.1,"Não","Branca","Sim"
"1603","Sim, por ter estudado em escola pública ou particular com bolsa de estudos",42,"Sim","Amarela","Sim"
"1604","Sim, por critério de renda",48.8,"Não","Parda","Sim"
"1605","Não",53.1,"Não","Parda","Não"
"1606","Não",57.7,"Sim","Branca","Não"
"1607","Não",47.3,"Não","Parda","Não"
"1608","Não",61,"Sim","Não quero declarar","Não"
"1609","Não",63.8,"Sim","Indígena","Não"
"1610","Não",53.9,"Sim","Branca","Não"
"1611","Não",59.9,"Não","Branca","Não"
"1612","Sim, por critério de renda",58.3,"Não","Parda","Sim"
"1613","Não",49,"Sim","Amarela","Não"
"1614","Não",38.8,"Não","Preta","Não"
"1615","Não",43,"Sim","Branca","Não"
"1616","Não",46.5,"Sim","Parda","Não"
"1617","Sim, por ter estudado em escola pública ou particular com bolsa de estudos",52.4,"Não","Branca","Sim"
"1618","Sim, por ter estudado em escola pública ou particular com bolsa de estudos",57.5,"Não","Branca","Sim"
"1619","Não",21.4,"Sim","Preta","Não"
"1620","Não",45.4,"Não","Branca","Não"
"1621","Sim, por sistema diferente dos anteriores",41.5,"Sim","Branca","Sim"
"1622","Sim, por ter estudado em escola pública ou particular com bolsa de estudos",54.3,"Sim","Branca","Sim"
"1623","Sim, por ter estudado em escola pública ou particular com bolsa de estudos",59.5,"Não","Parda","Sim"
"1624","Não",54.4,"Sim","Branca","Não"
"1625","Não",47.4,"Sim","Parda","Não"
"1626","Não",32.6,"Não","Preta","Não"
"1627","Sim, por critério de renda",55.5,"Sim","Parda","Sim"
"1628","Não",26.6,"Não","Branca","Não"
"1629","Sim, por ter estudado em escola pública ou particular com bolsa de estudos",37.6,"Não","Branca","Sim"
"1630","Não",59.8,"Não","Parda","Não"
"1631","Não",27.1,"Não","Parda","Não"
"1632","Não",42.6,"Não","Parda","Não"
"1633","Não",59.1,"Não","Parda","Não"
"1634","Não",38.5,"Sim","Parda","Não"
"1635","Não",47.4,"Sim","Branca","Não"
"1636","Não",41.3,"Não","Parda","Não"
"1637","Sim, por sistema que combina dois ou mais critérios anteriores",51.2,"Não","Preta","Sim"
"1638","Sim, por sistema que combina dois ou mais critérios anteriores",55.4,"Não","Branca","Sim"
"1639","Sim, por ter estudado em escola pública ou particular com bolsa de estudos",42.4,"Não","Parda","Sim"
"1640","Sim, por critério de renda",47.6,"Não","Parda","Sim"
"1641","Não",39.7,"Não","Parda","Não"
"1642","Sim, por sistema que combina dois ou mais critérios anteriores",64.2,"Não","Branca","Sim"
"1643","Não",60.2,"Não","Branca","Não"
"1644","Sim, por sistema diferente dos anteriores",38.6,"Não","Parda","Sim"
"1645","Não",69.2,"Não","Parda","Não"
"1646","Não",54.3,"Não","Parda","Não"
"1647","Não",60.8,"Não","Branca","Não"
"1648","Não",34.8,"Sim","Parda","Não"
"1649","Não",46.9,"Não","Parda","Não"
"1650","Não",47.6,"Não","Amarela","Não"
"1651","Sim, por ter estudado em escola pública ou particular com bolsa de estudos",39.7,"Sim","Parda","Sim"
"1652","Não",48.2,"Sim","Não quero declarar","Não"
"1653","Não",33.9,"Não","Parda","Não"
"1654","Não",47,"Não","Branca","Não"
"1655","Não",51.2,"Sim","Preta","Não"
"1656","Não",55.3,"Sim","Branca","Não"
"1657","Sim, por critério de renda",79.5,"Sim","Branca","Sim"
"1658","Não",62.5,"Não","Parda","Não"
"1659","Não",50.4,"Sim","Branca","Não"
"1660","Sim, por critério de renda",32.8,"Não","Branca","Sim"
"1661","Sim, por critério de renda",27.1,"Não","Parda","Sim"
"1662","Sim, por sistema que combina dois ou mais critérios anteriores",62.3,"Não","Parda","Sim"
"1663","Não",38.1,"Sim","Branca","Não"
"1664","Não",38.3,"Sim","Não quero declarar","Não"
"1665","Sim, por critério de renda",48.6,"Não","Preta","Sim"
"1666","Sim, por ter estudado em escola pública ou particular com bolsa de estudos",51.8,"Não","Parda","Sim"
"1667","Não",51.1,"Sim","Preta","Não"
"1668","Sim, por critério étnico-racial",50.1,"Sim","Parda","Sim"
"1669","Não",41.9,"Não","Parda","Não"
"1670","Sim, por ter estudado em escola pública ou particular com bolsa de estudos",46.7,"Sim","Preta","Sim"
"1671","Não",34.9,"Não","Branca","Não"
"1672","Não",NA,"Sim","Parda","Não"
