,Comunicacao,Criticidade,Reflexao,NOME_CURSO
1,5,6,5,História (Licenciatura)
2,6,6,6,História (Licenciatura)
3,6,6,6,História (Licenciatura)
4,6,5,6,História (Licenciatura)
5,3,6,5,História (Licenciatura)
6,5,3,5,História (Licenciatura)
7,6,6,6,História (Licenciatura)
8,6,6,6,História (Licenciatura)
9,5,6,6,História (Licenciatura)
10,6,5,5,História (Licenciatura)
11,6,6,6,História (Licenciatura)
12,6,5,6,História (Licenciatura)
13,4,5,5,História (Licenciatura)
14,5,6,6,História (Licenciatura)
15,5,5,5,História (Licenciatura)
16,6,6,6,História (Licenciatura)
17,5,5,5,História (Licenciatura)
18,4,5,5,História (Licenciatura)
19,5,NA,5,História (Licenciatura)
20,6,6,6,História (Licenciatura)
21,6,6,6,História (Licenciatura)
22,6,6,6,História (Licenciatura)
23,6,5,6,História (Licenciatura)
24,5,5,5,História (Licenciatura)
25,5,4,6,História (Licenciatura)
26,6,5,5,História (Licenciatura)
27,6,6,6,História (Licenciatura)
28,4,4,4,História (Licenciatura)
29,6,6,6,História (Licenciatura)
30,6,6,6,História (Licenciatura)
31,5,6,6,História (Licenciatura)
32,6,6,6,História (Licenciatura)
33,4,5,5,História (Licenciatura)
34,6,6,6,História (Licenciatura)
35,6,6,6,História (Licenciatura)
36,5,5,6,História (Licenciatura)
37,4,6,6,História (Licenciatura)
38,6,6,6,História (Licenciatura)
39,6,6,6,História (Licenciatura)
40,6,6,6,História (Licenciatura)
41,4,4,5,História (Licenciatura)
42,6,6,6,História (Licenciatura)
43,5,6,6,História (Licenciatura)
44,3,4,4,História (Licenciatura)
45,6,6,6,História (Licenciatura)
46,6,6,6,História (Licenciatura)
47,4,5,5,História (Licenciatura)
48,6,6,6,História (Licenciatura)
49,6,6,6,História (Licenciatura)
50,6,5,5,História (Licenciatura)
51,5,5,5,História (Licenciatura)
52,5,5,5,História (Licenciatura)
53,5,5,5,História (Licenciatura)
54,6,6,6,História (Licenciatura)
55,6,6,6,História (Licenciatura)
56,6,6,6,História (Licenciatura)
57,6,6,6,História (Licenciatura)
58,6,6,6,História (Licenciatura)
59,2,4,5,História (Licenciatura)
60,4,5,5,História (Licenciatura)
61,3,1,2,História (Licenciatura)
62,6,5,6,História (Licenciatura)
63,6,6,6,História (Licenciatura)
64,6,6,6,História (Licenciatura)
65,5,6,6,História (Licenciatura)
66,6,6,6,História (Licenciatura)
67,6,6,6,História (Licenciatura)
68,6,6,6,História (Licenciatura)
69,6,6,6,História (Licenciatura)
70,6,5,6,História (Licenciatura)
71,5,5,5,História (Licenciatura)
72,6,6,5,História (Licenciatura)
73,6,6,6,História (Licenciatura)
74,4,5,6,Geografia (Licenciatura)
75,5,6,6,Geografia (Licenciatura)
76,6,6,6,Geografia (Licenciatura)
77,6,6,6,Geografia (Licenciatura)
78,5,5,5,Geografia (Licenciatura)
79,5,4,5,Geografia (Licenciatura)
80,6,6,6,Geografia (Licenciatura)
81,4,5,5,Geografia (Licenciatura)
82,5,6,5,Geografia (Licenciatura)
83,4,6,5,Geografia (Licenciatura)
84,5,5,5,Geografia (Licenciatura)
85,5,6,5,Geografia (Licenciatura)
86,6,6,6,Geografia (Licenciatura)
87,5,4,4,Geografia (Licenciatura)
88,6,6,5,Geografia (Licenciatura)
89,5,6,6,Geografia (Licenciatura)
90,6,6,6,Geografia (Licenciatura)
91,4,5,4,Geografia (Licenciatura)
92,6,6,6,Geografia (Licenciatura)
93,4,5,6,Geografia (Licenciatura)
94,6,5,6,Geografia (Licenciatura)
95,6,6,6,Geografia (Licenciatura)
96,5,5,5,Geografia (Licenciatura)
97,5,5,5,Geografia (Licenciatura)
98,6,6,6,Geografia (Licenciatura)
99,6,5,5,Geografia (Licenciatura)
100,5,6,6,Geografia (Licenciatura)
101,5,5,5,Geografia (Licenciatura)
102,6,6,6,Geografia (Licenciatura)
103,5,5,6,Geografia (Licenciatura)
104,6,6,6,Geografia (Licenciatura)
105,6,6,6,Geografia (Licenciatura)
106,6,5,6,Geografia (Licenciatura)
107,5,6,5,Geografia (Licenciatura)
108,6,NA,NA,Geografia (Licenciatura)
109,6,6,6,Geografia (Licenciatura)
110,6,5,5,Geografia (Licenciatura)
111,6,6,6,Geografia (Licenciatura)
112,6,6,6,Geografia (Licenciatura)
113,4,5,5,Geografia (Licenciatura)
114,5,5,5,Geografia (Licenciatura)
115,6,6,6,Geografia (Licenciatura)
116,5,6,5,Geografia (Licenciatura)
117,6,6,6,Pedagogia (Licenciatura)
118,5,5,6,Pedagogia (Licenciatura)
119,5,6,5,Pedagogia (Licenciatura)
120,6,6,6,Pedagogia (Licenciatura)
121,6,6,6,Pedagogia (Licenciatura)
122,6,6,6,Pedagogia (Licenciatura)
123,5,6,NA,Pedagogia (Licenciatura)
124,6,6,6,Pedagogia (Licenciatura)
125,4,5,5,Pedagogia (Licenciatura)
126,6,6,6,Pedagogia (Licenciatura)
127,6,5,5,Pedagogia (Licenciatura)
128,NA,NA,6,Pedagogia (Licenciatura)
129,6,6,6,Pedagogia (Licenciatura)
130,6,6,6,Pedagogia (Licenciatura)
131,5,5,6,Pedagogia (Licenciatura)
132,6,6,6,Pedagogia (Licenciatura)
133,6,6,6,Pedagogia (Licenciatura)
134,6,6,6,Pedagogia (Licenciatura)
135,5,5,4,Pedagogia (Licenciatura)
136,6,4,5,Pedagogia (Licenciatura)
137,6,6,6,Pedagogia (Licenciatura)
138,6,6,6,Pedagogia (Licenciatura)
139,6,6,6,Pedagogia (Licenciatura)
140,5,5,5,Pedagogia (Licenciatura)
141,6,6,6,Pedagogia (Licenciatura)
142,6,6,6,Pedagogia (Licenciatura)
143,5,5,5,Pedagogia (Licenciatura)
144,6,6,6,Pedagogia (Licenciatura)
145,6,6,6,Pedagogia (Licenciatura)
146,6,6,6,Pedagogia (Licenciatura)
147,5,5,5,Pedagogia (Licenciatura)
148,6,6,6,Pedagogia (Licenciatura)
149,6,6,6,Pedagogia (Licenciatura)
150,5,5,6,Pedagogia (Licenciatura)
151,6,5,6,Pedagogia (Licenciatura)
152,4,5,4,Pedagogia (Licenciatura)
153,6,6,6,Pedagogia (Licenciatura)
154,6,6,6,Pedagogia (Licenciatura)
155,5,5,5,Pedagogia (Licenciatura)
156,6,5,5,Pedagogia (Licenciatura)
157,6,6,6,Pedagogia (Licenciatura)
158,6,6,6,Pedagogia (Licenciatura)
159,5,6,6,Pedagogia (Licenciatura)
160,6,6,6,Pedagogia (Licenciatura)
161,6,6,6,Pedagogia (Licenciatura)
162,5,5,6,Pedagogia (Licenciatura)
163,6,6,6,Pedagogia (Licenciatura)
164,6,6,6,Pedagogia (Licenciatura)
165,4,5,5,Pedagogia (Licenciatura)
166,5,5,5,Pedagogia (Licenciatura)
167,6,6,6,Pedagogia (Licenciatura)
168,5,5,6,Pedagogia (Licenciatura)
169,5,5,5,Pedagogia (Licenciatura)
170,5,6,6,Pedagogia (Licenciatura)
171,6,6,6,Pedagogia (Licenciatura)
172,6,6,6,Pedagogia (Licenciatura)
173,6,6,6,Pedagogia (Licenciatura)
174,5,5,6,Pedagogia (Licenciatura)
175,1,6,5,Pedagogia (Licenciatura)
176,5,6,6,Pedagogia (Licenciatura)
177,6,6,6,Pedagogia (Licenciatura)
178,6,5,6,Pedagogia (Licenciatura)
179,6,6,6,Pedagogia (Licenciatura)
180,5,5,5,Pedagogia (Licenciatura)
181,6,6,6,Pedagogia (Licenciatura)
182,5,5,5,Pedagogia (Licenciatura)
183,6,6,6,Pedagogia (Licenciatura)
184,5,5,5,Pedagogia (Licenciatura)
185,5,5,5,Pedagogia (Licenciatura)
186,6,6,6,Pedagogia (Licenciatura)
187,5,5,6,Pedagogia (Licenciatura)
188,4,6,6,Pedagogia (Licenciatura)
189,5,5,6,Pedagogia (Licenciatura)
190,6,5,5,Pedagogia (Licenciatura)
191,6,6,6,Pedagogia (Licenciatura)
192,5,6,6,Pedagogia (Licenciatura)
193,4,4,4,Pedagogia (Licenciatura)
194,6,6,6,Pedagogia (Licenciatura)
195,6,6,6,Pedagogia (Licenciatura)
196,5,5,6,Pedagogia (Licenciatura)
197,6,6,6,Pedagogia (Licenciatura)
198,6,6,6,Pedagogia (Licenciatura)
199,5,5,6,Pedagogia (Licenciatura)
200,6,6,6,Pedagogia (Licenciatura)
201,6,5,5,Pedagogia (Licenciatura)
202,6,6,6,Pedagogia (Licenciatura)
203,6,6,6,Pedagogia (Licenciatura)
204,6,6,6,Pedagogia (Licenciatura)
205,6,6,6,Ciências Sociais (Licenciatura)
206,5,6,6,Ciências Sociais (Licenciatura)
207,NA,NA,NA,Ciências Sociais (Licenciatura)
208,6,6,6,Ciências Sociais (Licenciatura)
209,5,5,6,Ciências Sociais (Licenciatura)
210,6,5,6,Ciências Sociais (Licenciatura)
211,6,6,6,Ciências Sociais (Licenciatura)
212,5,6,5,Ciências Sociais (Licenciatura)
213,3,6,6,Ciências Sociais (Licenciatura)
214,6,6,6,Ciências Sociais (Licenciatura)
215,4,6,6,Ciências Sociais (Licenciatura)
216,6,6,6,Ciências Sociais (Licenciatura)
217,5,5,5,Ciências Sociais (Licenciatura)
218,6,6,6,Ciências Sociais (Licenciatura)
219,5,6,5,Ciências Sociais (Licenciatura)
220,6,6,6,Ciências Sociais (Licenciatura)
221,6,6,6,Ciências Sociais (Licenciatura)
222,5,5,6,Ciências Sociais (Licenciatura)
223,6,6,6,Ciências Sociais (Licenciatura)
224,6,6,6,Engenharia Elétrica
225,NA,NA,NA,Engenharia Elétrica
226,5,6,6,Engenharia Elétrica
227,4,5,4,Engenharia Elétrica
228,6,5,5,Engenharia Elétrica
229,5,5,4,Engenharia Elétrica
230,4,2,3,Engenharia Elétrica
231,4,3,3,Engenharia Elétrica
232,4,4,5,Engenharia Elétrica
233,6,6,6,Engenharia Elétrica
234,4,4,6,Engenharia Elétrica
235,6,6,6,Engenharia Elétrica
236,3,5,6,Engenharia Elétrica
237,5,3,5,Engenharia Elétrica
238,3,6,6,Engenharia Elétrica
239,5,3,5,Engenharia Elétrica
240,6,3,6,Engenharia Elétrica
241,4,4,5,Engenharia Elétrica
242,4,4,5,Engenharia Elétrica
243,6,5,6,Engenharia Elétrica
244,4,3,2,Engenharia Elétrica
245,6,6,6,Engenharia Elétrica
246,5,5,5,Engenharia Elétrica
247,5,4,4,Engenharia Elétrica
248,3,1,1,Engenharia Elétrica
249,5,4,5,Engenharia Elétrica
250,4,5,6,Engenharia Elétrica
251,1,2,2,Engenharia Elétrica
252,4,6,5,Engenharia Elétrica
253,4,2,2,Engenharia Elétrica
254,1,1,1,Engenharia Elétrica
255,3,5,6,Engenharia Elétrica
256,6,4,6,Engenharia Elétrica
257,3,5,5,Engenharia Elétrica
258,5,4,6,Engenharia Elétrica
259,6,6,6,Engenharia Elétrica
260,6,4,6,Engenharia Elétrica
261,4,2,5,Engenharia Elétrica
262,3,5,NA,Engenharia Elétrica
263,2,5,2,Engenharia Elétrica
264,1,1,1,Engenharia Elétrica
265,5,3,4,Engenharia Elétrica
266,6,3,3,Engenharia Elétrica
267,3,3,2,Engenharia Elétrica
268,3,3,3,Engenharia Elétrica
269,6,5,6,Engenharia Elétrica
270,5,3,3,Engenharia Elétrica
271,5,NA,NA,Engenharia Elétrica
272,4,4,6,Engenharia Elétrica
273,4,4,4,Engenharia Elétrica
274,4,4,3,Engenharia Elétrica
275,5,4,4,Engenharia Elétrica
276,3,5,5,Engenharia Elétrica
277,5,4,4,Engenharia Elétrica
278,4,5,5,Engenharia Elétrica
279,5,4,5,Engenharia Elétrica
280,5,2,5,Engenharia Elétrica
281,5,4,5,Engenharia Elétrica
282,3,6,6,Engenharia Elétrica
283,4,4,4,Engenharia Elétrica
284,5,3,4,Engenharia Elétrica
285,5,3,6,Engenharia Elétrica
286,4,4,4,Engenharia Elétrica
287,6,5,6,Engenharia Elétrica
288,3,2,5,Engenharia Elétrica
289,6,6,6,Engenharia Elétrica
290,5,3,5,Engenharia Elétrica
291,4,NA,4,Engenharia Elétrica
292,3,5,5,Engenharia Elétrica
293,6,6,6,Engenharia Elétrica
294,6,3,3,Engenharia Elétrica
295,5,5,5,Engenharia Elétrica
296,2,2,2,Engenharia Elétrica
297,5,5,6,Engenharia Elétrica
298,6,4,6,Engenharia Elétrica
299,5,6,6,Engenharia Elétrica
300,6,NA,NA,Engenharia Elétrica
301,4,3,5,Engenharia Elétrica
302,5,4,3,Engenharia Elétrica
303,6,5,5,Engenharia Elétrica
304,4,3,5,Engenharia Elétrica
305,3,2,3,Engenharia Elétrica
306,2,3,2,Engenharia Elétrica
307,2,2,3,Engenharia Elétrica
308,4,4,5,Engenharia Elétrica
309,5,4,4,Engenharia Elétrica
310,5,6,6,Engenharia Elétrica
311,1,3,1,Engenharia Elétrica
312,4,5,6,Engenharia Elétrica
313,3,4,3,Engenharia Elétrica
314,5,3,5,Engenharia Elétrica
315,6,6,6,Engenharia Elétrica
316,4,2,3,Engenharia Elétrica
317,4,5,4,Engenharia Elétrica
318,5,4,5,Engenharia Elétrica
319,NA,NA,NA,Engenharia Elétrica
320,5,5,5,Engenharia Elétrica
321,NA,NA,NA,Engenharia Elétrica
322,5,5,6,Engenharia Elétrica
323,4,1,1,Engenharia Elétrica
324,5,4,5,Engenharia Elétrica
325,1,3,5,Engenharia Elétrica
326,6,6,6,Engenharia Elétrica
327,4,3,5,Engenharia Elétrica
328,6,5,5,Engenharia Elétrica
329,3,5,6,Engenharia Elétrica
330,NA,NA,6,Engenharia Elétrica
331,3,NA,4,Engenharia Elétrica
332,2,1,3,Engenharia Elétrica
333,3,5,5,Engenharia Elétrica
334,6,6,6,Engenharia Elétrica
335,4,4,5,Engenharia Elétrica
336,6,6,6,Engenharia Elétrica
337,NA,5,NA,Engenharia Elétrica
338,4,4,4,Engenharia Elétrica
339,5,4,4,Engenharia Elétrica
340,1,6,6,Engenharia Elétrica
341,2,5,4,Engenharia Elétrica
342,2,2,2,Engenharia Elétrica
343,5,3,5,Engenharia Elétrica
344,5,5,5,Engenharia Elétrica
345,5,5,5,Engenharia Elétrica
346,3,4,5,Engenharia Elétrica
347,5,5,5,Engenharia Elétrica
348,5,4,5,Engenharia Elétrica
349,2,3,3,Engenharia Elétrica
350,5,5,5,Engenharia Elétrica
351,6,4,6,Engenharia Elétrica
352,5,NA,5,Engenharia Elétrica
353,2,2,2,Engenharia Elétrica
354,3,3,5,Engenharia Elétrica
355,2,6,5,Engenharia Elétrica
356,4,NA,4,Engenharia Elétrica
357,3,2,2,Engenharia Elétrica
358,5,NA,5,Engenharia Elétrica
359,1,5,4,Engenharia Elétrica
360,4,5,5,Engenharia Elétrica
361,NA,NA,NA,Engenharia Elétrica
362,4,4,3,Engenharia Elétrica
363,5,4,6,Engenharia Elétrica
364,5,4,5,Engenharia Elétrica
365,2,3,5,Engenharia Elétrica
366,4,3,4,Engenharia Elétrica
367,5,5,5,Engenharia Elétrica
368,5,3,5,Engenharia Elétrica
369,2,NA,NA,Engenharia Elétrica
370,6,4,4,Engenharia Elétrica
371,3,4,4,Engenharia Elétrica
372,NA,NA,4,Engenharia Elétrica
373,6,6,6,Engenharia Elétrica
374,5,5,5,Engenharia Elétrica
375,3,5,5,Engenharia Elétrica
376,NA,NA,5,Engenharia Elétrica
377,5,5,5,Engenharia Elétrica
378,1,5,5,Engenharia Elétrica
379,2,3,2,Engenharia Elétrica
380,5,5,5,Engenharia Elétrica
381,4,6,5,Engenharia Elétrica
382,5,5,6,Engenharia Elétrica
383,5,2,2,Engenharia Elétrica
384,5,3,5,Engenharia Elétrica
385,4,6,6,Engenharia Elétrica
386,6,5,6,Engenharia Elétrica
387,2,1,3,Engenharia Elétrica
388,2,2,6,Engenharia Elétrica
389,5,5,5,Engenharia Civil
390,5,5,5,Engenharia Civil
391,6,5,6,Engenharia Civil
392,5,4,5,Engenharia Civil
393,6,6,6,Engenharia Civil
394,3,4,4,Engenharia Civil
395,6,6,6,Engenharia Civil
396,4,5,5,Engenharia Civil
397,6,6,6,Engenharia Civil
398,4,5,5,Engenharia Civil
399,4,3,3,Engenharia Civil
400,5,6,6,Engenharia Civil
401,6,5,5,Engenharia Civil
402,6,6,5,Engenharia Civil
403,6,6,6,Engenharia Civil
404,5,4,3,Engenharia Civil
405,4,4,5,Engenharia Civil
406,6,4,5,Engenharia Civil
407,1,2,3,Engenharia Civil
408,3,3,3,Engenharia Civil
409,6,6,6,Engenharia Civil
410,6,6,6,Engenharia Civil
411,6,6,4,Engenharia Civil
412,3,3,4,Engenharia Civil
413,6,6,6,Engenharia Civil
414,4,5,5,Engenharia Civil
415,5,4,4,Engenharia Civil
416,5,5,5,Engenharia Civil
417,6,6,6,Engenharia Civil
418,5,5,5,Engenharia Civil
419,6,4,5,Engenharia Civil
420,4,5,5,Engenharia Civil
421,1,2,1,Engenharia Civil
422,2,1,1,Engenharia Civil
423,6,5,5,Engenharia Civil
424,6,6,5,Engenharia Civil
425,3,6,6,Engenharia Civil
426,6,5,5,Engenharia Civil
427,6,5,5,Engenharia Civil
428,5,5,5,Engenharia Civil
429,5,4,4,Engenharia Civil
430,5,5,5,Engenharia Civil
431,6,6,6,Engenharia Civil
432,3,4,4,Engenharia Civil
433,6,6,6,Engenharia Civil
434,6,6,6,Engenharia Civil
435,5,4,4,Engenharia Civil
436,1,3,2,Engenharia Civil
437,5,5,6,Engenharia Civil
438,4,5,5,Engenharia Civil
439,5,5,5,Engenharia Civil
440,3,3,5,Engenharia Civil
441,6,6,6,Engenharia Civil
442,4,4,4,Engenharia Civil
443,6,6,6,Engenharia Civil
444,4,6,5,Engenharia Civil
445,6,6,6,Engenharia Civil
446,4,5,6,Engenharia Civil
447,2,3,5,Engenharia Civil
448,5,5,5,Engenharia Civil
449,4,3,2,Engenharia Civil
450,4,5,5,Engenharia Civil
451,5,5,5,Engenharia Civil
452,5,1,4,Engenharia Civil
453,3,4,3,Engenharia Civil
454,2,2,2,Engenharia Civil
455,4,4,4,Engenharia Civil
456,5,6,6,Engenharia Civil
457,5,4,6,Engenharia Civil
458,3,6,6,Engenharia Civil
459,4,4,4,Engenharia Civil
460,6,6,6,Engenharia Civil
461,6,6,6,Engenharia Civil
462,4,4,4,Engenharia Civil
463,5,4,5,Engenharia Civil
464,4,5,4,Engenharia Civil
465,5,5,5,Engenharia Civil
466,5,5,6,Engenharia Civil
467,5,4,4,Engenharia Civil
468,6,4,5,Engenharia Civil
469,4,2,5,Engenharia Civil
470,4,3,5,Engenharia Civil
471,5,6,6,Engenharia Civil
472,5,6,6,Engenharia Civil
473,6,5,5,Engenharia Civil
474,4,5,5,Engenharia Civil
475,6,6,6,Engenharia Civil
476,4,4,3,Engenharia Civil
477,4,6,6,Engenharia Química
478,5,6,6,Engenharia Química
479,5,4,5,Engenharia Química
480,5,5,5,Engenharia Química
481,5,6,6,Engenharia Química
482,6,6,6,Engenharia Química
483,3,5,5,Engenharia Química
484,3,NA,5,Engenharia Química
485,6,5,6,Engenharia Química
486,6,4,6,Engenharia Química
487,6,6,6,Engenharia Química
488,5,5,5,Engenharia Química
489,6,4,4,Engenharia Química
490,5,4,4,Engenharia Química
491,6,5,6,Engenharia Química
492,6,6,6,Engenharia Química
493,4,5,4,Engenharia Química
494,5,4,5,Engenharia Química
495,5,4,6,Engenharia Química
496,6,NA,4,Engenharia Química
497,6,4,6,Engenharia Química
498,6,6,6,Engenharia Química
499,6,6,6,Engenharia Química
500,4,NA,5,Engenharia Química
501,6,6,6,Engenharia Química
502,5,5,5,Engenharia Química
503,6,6,6,Engenharia Química
504,6,6,6,Engenharia Química
505,6,6,6,Engenharia Química
506,6,6,6,Engenharia Química
507,NA,4,5,Engenharia Química
508,6,6,6,Engenharia Química
509,6,3,4,Engenharia Química
510,5,5,6,Engenharia Química
511,2,4,4,Engenharia Química
512,4,3,4,Engenharia Química
513,6,6,6,Engenharia Química
514,3,3,1,Engenharia Química
515,5,5,NA,Engenharia Química
516,4,5,5,Engenharia Química
517,5,5,5,Engenharia Química
518,5,3,3,Engenharia Química
519,6,6,6,Engenharia Química
520,2,1,1,Engenharia Química
521,2,5,5,Engenharia Química
522,6,5,4,Engenharia Química
523,5,5,4,Engenharia Química
524,6,6,6,Engenharia Química
525,5,4,6,Engenharia Química
526,6,NA,5,Engenharia Química
527,5,3,5,Engenharia Química
528,6,4,6,Engenharia Química
529,5,6,5,Engenharia Química
530,6,6,6,Engenharia Química
531,5,6,6,Engenharia Química
532,6,5,5,Engenharia Química
533,5,4,5,Engenharia Química
534,5,6,5,Engenharia Química
535,5,5,4,Engenharia Química
536,6,3,6,Engenharia Química
537,4,5,5,Engenharia Química
538,4,1,5,Engenharia Química
539,2,2,4,Engenharia Química
540,6,6,5,Engenharia Química
541,5,5,4,Engenharia Química
542,6,6,6,Engenharia Química
543,6,6,6,Engenharia Química
544,4,4,6,Engenharia Química
545,5,4,5,Engenharia Mecânica
546,5,4,5,Engenharia Mecânica
547,1,6,6,Engenharia Mecânica
548,6,4,6,Engenharia Mecânica
549,6,6,6,Engenharia Mecânica
550,4,5,5,Engenharia Mecânica
551,5,4,5,Engenharia Mecânica
552,6,NA,6,Engenharia Mecânica
553,3,5,6,Engenharia Mecânica
554,1,6,6,Engenharia Mecânica
555,2,4,5,Engenharia Mecânica
556,2,3,2,Engenharia Mecânica
557,5,5,5,Engenharia Mecânica
558,4,2,3,Engenharia Mecânica
559,3,5,4,Engenharia Mecânica
560,2,1,3,Engenharia Mecânica
561,3,2,3,Engenharia Mecânica
562,6,6,6,Engenharia Mecânica
563,3,4,4,Engenharia Mecânica
564,6,6,6,Engenharia Mecânica
565,NA,NA,NA,Engenharia Mecânica
566,5,5,5,Engenharia Mecânica
567,5,5,5,Engenharia Mecânica
568,3,3,4,Engenharia Mecânica
569,2,4,4,Engenharia Mecânica
570,2,2,3,Engenharia Mecânica
571,2,6,6,Engenharia Mecânica
572,5,3,6,Engenharia Mecânica
573,6,6,6,Engenharia Mecânica
574,5,5,6,Engenharia Mecânica
575,6,6,6,Engenharia Mecânica
576,2,5,5,Engenharia Mecânica
577,4,2,3,Engenharia Mecânica
578,3,1,3,Engenharia Mecânica
579,5,5,4,Engenharia Mecânica
580,4,5,4,Engenharia Mecânica
581,4,5,4,Engenharia Mecânica
582,1,1,3,Engenharia Mecânica
583,4,6,6,Engenharia Mecânica
584,4,5,3,Engenharia Mecânica
585,2,6,4,Engenharia Mecânica
586,6,5,3,Engenharia Mecânica
587,4,NA,2,Engenharia Mecânica
588,5,5,5,Engenharia Mecânica
589,3,3,3,Engenharia Mecânica
590,3,3,3,Engenharia Mecânica
591,4,5,5,Engenharia Mecânica
592,5,5,5,Engenharia Mecânica
593,6,4,4,Engenharia Mecânica
594,5,4,4,Engenharia Mecânica
595,3,4,4,Engenharia Mecânica
596,1,6,2,Engenharia Mecânica
597,6,6,6,Engenharia Mecânica
598,5,4,4,Engenharia Mecânica
599,3,4,5,Engenharia Mecânica
600,6,5,6,Engenharia Mecânica
601,5,4,3,Engenharia Mecânica
602,5,6,5,Engenharia
603,4,4,4,Engenharia
604,6,6,6,Engenharia
605,6,6,6,Engenharia
606,6,6,6,Engenharia
607,2,3,5,Engenharia
608,6,6,6,Engenharia
609,5,4,4,Engenharia
610,3,5,5,Engenharia
611,4,3,5,Engenharia
612,4,NA,NA,Engenharia
613,5,5,5,Engenharia
614,6,6,6,Engenharia
615,5,6,6,Engenharia
616,5,5,5,Engenharia
617,6,6,6,Engenharia
618,6,5,6,Engenharia
619,5,5,5,Engenharia
620,6,4,4,Engenharia
621,5,3,4,Engenharia
622,5,6,6,Engenharia
623,4,NA,5,Engenharia
624,5,5,5,Engenharia
625,5,5,5,Engenharia
626,4,6,5,Engenharia
627,6,6,6,Engenharia
628,3,6,6,Engenharia
629,6,6,6,Engenharia
630,6,5,5,Engenharia
631,5,5,5,Engenharia
632,6,6,6,Engenharia
633,5,5,4,Engenharia
634,5,5,5,Engenharia
635,5,5,5,Engenharia
636,4,4,6,Engenharia
637,6,5,4,Engenharia
638,6,6,6,Engenharia
639,5,6,6,Engenharia
640,4,4,5,Engenharia
641,NA,NA,NA,Engenharia
642,6,6,5,Engenharia
643,6,6,6,Engenharia
644,6,6,6,Engenharia
645,6,5,5,Engenharia
646,5,4,6,Engenharia
647,6,6,5,Engenharia
648,6,5,5,Engenharia
649,3,4,4,Engenharia
650,4,3,3,Engenharia
651,5,5,5,Engenharia
652,6,5,4,Engenharia
653,5,5,5,Engenharia
654,3,2,5,Engenharia
655,5,6,5,Engenharia
656,5,4,6,Ciência Da Computação (Bacharelado)
657,3,3,4,Ciência Da Computação (Bacharelado)
658,5,5,5,Ciência Da Computação (Bacharelado)
659,4,1,3,Ciência Da Computação (Bacharelado)
660,3,3,3,Ciência Da Computação (Bacharelado)
661,4,4,4,Ciência Da Computação (Bacharelado)
662,4,4,4,Ciência Da Computação (Bacharelado)
663,6,5,4,Ciência Da Computação (Bacharelado)
664,4,3,5,Ciência Da Computação (Bacharelado)
665,NA,6,NA,Ciência Da Computação (Bacharelado)
666,4,NA,6,Ciência Da Computação (Bacharelado)
667,5,5,5,Ciência Da Computação (Bacharelado)
668,3,6,6,Ciência Da Computação (Bacharelado)
669,6,6,6,Ciência Da Computação (Bacharelado)
670,6,6,6,Ciência Da Computação (Bacharelado)
671,3,3,3,Ciência Da Computação (Bacharelado)
672,6,4,6,Ciência Da Computação (Bacharelado)
673,3,3,3,Ciência Da Computação (Bacharelado)
674,5,5,5,Ciência Da Computação (Bacharelado)
675,5,5,5,Ciência Da Computação (Bacharelado)
676,2,3,4,Ciência Da Computação (Bacharelado)
677,4,4,5,Ciência Da Computação (Bacharelado)
678,4,4,4,Ciência Da Computação (Bacharelado)
679,4,5,6,Ciência Da Computação (Bacharelado)
680,5,6,6,Ciência Da Computação (Bacharelado)
681,2,3,3,Ciência Da Computação (Bacharelado)
682,6,4,5,Ciência Da Computação (Bacharelado)
683,4,5,4,Ciência Da Computação (Bacharelado)
684,4,4,4,Ciência Da Computação (Bacharelado)
685,5,5,4,Ciência Da Computação (Bacharelado)
686,4,5,5,Ciência Da Computação (Bacharelado)
687,4,1,3,Ciência Da Computação (Bacharelado)
688,6,5,4,Ciência Da Computação (Bacharelado)
689,5,5,3,Ciência Da Computação (Bacharelado)
690,1,NA,NA,Ciência Da Computação (Bacharelado)
691,5,6,5,Ciência Da Computação (Bacharelado)
692,3,6,6,Ciência Da Computação (Bacharelado)
693,4,1,1,Ciência Da Computação (Bacharelado)
694,5,5,5,Ciência Da Computação (Bacharelado)
695,5,4,5,Ciência Da Computação (Bacharelado)
696,6,6,6,Ciência Da Computação (Bacharelado)
697,5,5,5,Ciência Da Computação (Bacharelado)
698,4,4,5,Ciência Da Computação (Bacharelado)
699,4,4,5,Ciência Da Computação (Bacharelado)
700,5,6,5,Ciência Da Computação (Bacharelado)
701,6,6,5,Ciência Da Computação (Bacharelado)
702,4,5,5,Ciência Da Computação (Bacharelado)
703,6,6,6,Ciência Da Computação (Bacharelado)
704,6,6,6,Ciência Da Computação (Bacharelado)
705,4,3,4,Ciência Da Computação (Bacharelado)
706,6,6,6,Ciência Da Computação (Bacharelado)
707,5,6,6,Ciência Da Computação (Bacharelado)
708,6,6,6,Ciência Da Computação (Bacharelado)
709,6,6,6,Ciência Da Computação (Bacharelado)
710,4,3,4,Ciência Da Computação (Bacharelado)
711,3,6,5,Ciência Da Computação (Bacharelado)
712,6,6,6,Ciência Da Computação (Bacharelado)
713,6,5,6,Ciência Da Computação (Bacharelado)
714,4,4,5,Ciência Da Computação (Bacharelado)
715,6,6,6,Ciência Da Computação (Bacharelado)
716,NA,NA,NA,Ciência Da Computação (Bacharelado)
717,6,6,6,Ciência Da Computação (Bacharelado)
718,NA,NA,NA,Ciência Da Computação (Bacharelado)
719,4,4,5,Ciência Da Computação (Bacharelado)
720,6,6,6,Ciência Da Computação (Bacharelado)
721,5,5,5,Ciência Da Computação (Bacharelado)
722,4,5,4,Ciência Da Computação (Bacharelado)
723,NA,NA,4,Matemática (Licenciatura)
724,6,6,6,Matemática (Licenciatura)
725,5,5,5,Matemática (Licenciatura)
726,4,5,5,Matemática (Licenciatura)
727,2,2,2,Matemática (Licenciatura)
728,6,6,5,Matemática (Licenciatura)
729,5,4,5,Matemática (Licenciatura)
730,5,5,5,Matemática (Licenciatura)
731,5,2,4,Matemática (Licenciatura)
732,6,6,6,Matemática (Licenciatura)
733,6,6,6,Matemática (Licenciatura)
734,6,4,6,Matemática (Licenciatura)
735,4,5,5,Matemática (Licenciatura)
736,6,4,6,Matemática (Licenciatura)
737,5,4,6,Matemática (Licenciatura)
738,6,6,6,Matemática (Licenciatura)
739,5,4,5,Matemática (Licenciatura)
740,4,4,5,Matemática (Licenciatura)
741,6,6,6,História (Licenciatura)
742,4,6,6,História (Licenciatura)
743,5,5,5,História (Licenciatura)
744,NA,4,4,História (Licenciatura)
745,4,6,6,História (Licenciatura)
746,5,6,6,História (Licenciatura)
747,6,6,6,História (Licenciatura)
748,6,6,6,História (Licenciatura)
749,5,6,6,História (Licenciatura)
750,5,5,5,História (Licenciatura)
751,6,4,5,História (Licenciatura)
752,6,6,6,História (Licenciatura)
753,6,6,6,História (Licenciatura)
754,5,5,5,História (Licenciatura)
755,6,6,6,História (Licenciatura)
756,3,6,6,História (Licenciatura)
757,6,6,6,História (Licenciatura)
758,6,6,5,História (Licenciatura)
759,6,6,6,História (Licenciatura)
760,6,6,6,História (Licenciatura)
761,6,6,6,História (Licenciatura)
762,6,6,6,História (Licenciatura)
763,5,6,6,História (Licenciatura)
764,6,6,6,História (Licenciatura)
765,6,6,5,História (Licenciatura)
766,4,4,6,História (Licenciatura)
767,6,6,6,História (Licenciatura)
768,6,6,6,História (Licenciatura)
769,6,5,6,História (Licenciatura)
770,6,6,6,História (Licenciatura)
771,6,6,6,História (Licenciatura)
772,6,6,6,História (Licenciatura)
773,6,6,6,História (Licenciatura)
774,5,5,5,História (Licenciatura)
775,6,6,6,História (Licenciatura)
776,5,6,4,História (Licenciatura)
777,3,3,3,História (Licenciatura)
778,5,1,2,História (Licenciatura)
779,6,6,6,História (Licenciatura)
780,6,6,6,História (Licenciatura)
781,6,6,6,História (Licenciatura)
782,5,5,5,História (Licenciatura)
783,5,6,6,História (Licenciatura)
784,6,6,6,História (Licenciatura)
785,5,6,6,História (Licenciatura)
786,3,2,3,História (Licenciatura)
787,6,6,6,História (Licenciatura)
788,2,3,2,História (Licenciatura)
789,4,4,4,História (Licenciatura)
790,6,6,6,História (Licenciatura)
791,5,5,6,História (Licenciatura)
792,6,6,6,História (Licenciatura)
793,6,6,6,História (Licenciatura)
794,5,4,4,História (Licenciatura)
795,2,5,4,História (Licenciatura)
796,5,6,6,História (Licenciatura)
797,5,5,6,História (Licenciatura)
798,5,6,6,História (Licenciatura)
799,4,6,6,História (Licenciatura)
800,5,6,6,História (Licenciatura)
801,6,6,6,História (Licenciatura)
802,6,6,6,História (Licenciatura)
803,6,6,6,História (Licenciatura)
804,5,6,6,História (Licenciatura)
805,6,6,6,História (Licenciatura)
806,5,6,6,História (Licenciatura)
807,5,5,6,História (Licenciatura)
808,6,6,6,História (Licenciatura)
809,6,6,6,História (Licenciatura)
810,5,5,4,História (Licenciatura)
811,6,6,6,História (Licenciatura)
812,6,6,6,História (Licenciatura)
813,6,6,6,História (Licenciatura)
814,5,5,5,História (Licenciatura)
815,6,6,6,História (Licenciatura)
816,6,6,6,Pedagogia (Licenciatura)
817,6,6,6,Pedagogia (Licenciatura)
818,6,6,6,Pedagogia (Licenciatura)
819,5,5,5,Pedagogia (Licenciatura)
820,6,6,6,Pedagogia (Licenciatura)
821,6,6,6,Pedagogia (Licenciatura)
822,6,6,6,Pedagogia (Licenciatura)
823,4,5,5,Pedagogia (Licenciatura)
824,6,6,6,Pedagogia (Licenciatura)
825,6,6,6,Pedagogia (Licenciatura)
826,6,6,6,Pedagogia (Licenciatura)
827,6,6,6,Pedagogia (Licenciatura)
828,5,6,6,Pedagogia (Licenciatura)
829,4,6,6,Pedagogia (Licenciatura)
830,6,5,6,Pedagogia (Licenciatura)
831,6,5,6,Pedagogia (Licenciatura)
832,6,6,6,Pedagogia (Licenciatura)
833,6,6,6,Pedagogia (Licenciatura)
834,5,5,5,Pedagogia (Licenciatura)
835,6,6,6,Pedagogia (Licenciatura)
836,6,6,6,Pedagogia (Licenciatura)
837,NA,6,6,Pedagogia (Licenciatura)
838,6,6,6,Pedagogia (Licenciatura)
839,6,6,6,Pedagogia (Licenciatura)
840,6,6,6,Pedagogia (Licenciatura)
841,6,6,6,Pedagogia (Licenciatura)
842,6,6,6,Pedagogia (Licenciatura)
843,6,6,6,Pedagogia (Licenciatura)
844,5,5,5,Pedagogia (Licenciatura)
845,6,6,6,Engenharia Florestal
846,6,6,6,Engenharia Florestal
847,5,5,6,Engenharia Florestal
848,6,6,6,Engenharia Florestal
849,6,4,6,Engenharia Florestal
850,6,6,6,Engenharia Florestal
851,6,6,6,Engenharia Florestal
852,6,6,6,Engenharia Florestal
853,5,5,5,Engenharia Florestal
854,5,2,3,Engenharia Florestal
855,5,6,6,Engenharia Florestal
856,6,6,6,Engenharia Florestal
857,6,6,6,Engenharia Florestal
858,5,5,5,Engenharia Florestal
859,1,2,1,Engenharia Florestal
860,6,5,6,Engenharia Florestal
861,5,5,5,Engenharia Florestal
862,6,6,6,Engenharia Florestal
863,6,6,6,Engenharia Florestal
864,6,6,6,Engenharia Florestal
865,6,6,6,Engenharia Florestal
866,6,6,6,Engenharia de Produção
867,3,4,6,Engenharia de Produção
868,6,6,6,Engenharia de Produção
869,4,4,5,Engenharia de Produção
870,4,6,5,Engenharia de Produção
871,5,5,6,Engenharia de Produção
872,5,4,5,Engenharia de Produção
873,6,6,6,Engenharia de Produção
874,5,6,5,Engenharia de Produção
875,4,4,4,Engenharia de Produção
876,6,3,5,Engenharia de Produção
877,6,6,6,Engenharia de Produção
878,2,1,1,Engenharia de Produção
879,5,4,6,Engenharia de Produção
880,3,4,4,Engenharia de Produção
881,3,5,5,Engenharia de Produção
882,5,NA,6,Engenharia de Produção
883,6,5,5,Engenharia de Produção
884,5,5,5,Engenharia de Produção
885,5,5,5,Engenharia de Produção
886,6,4,6,Engenharia de Produção
887,3,4,3,Engenharia de Produção
888,5,5,5,Engenharia de Produção
889,5,5,4,Engenharia de Produção
890,5,4,5,Engenharia de Produção
891,6,5,4,Engenharia de Produção
892,5,5,5,Engenharia de Produção
893,5,5,5,Engenharia de Produção
894,5,4,5,Engenharia de Produção
895,5,4,NA,Engenharia de Produção
896,6,5,5,Engenharia de Produção
897,4,4,4,Engenharia de Produção
898,4,6,5,Engenharia de Produção
899,NA,NA,NA,Engenharia de Produção
900,6,6,5,Engenharia de Produção
901,NA,4,6,Engenharia de Produção
902,4,4,5,Engenharia de Produção
903,5,5,5,Engenharia de Produção
904,5,6,6,Engenharia de Produção
905,6,5,5,Engenharia de Produção
906,5,5,5,Engenharia de Produção
907,6,6,6,Engenharia de Produção
908,6,6,6,Engenharia de Produção
909,3,3,3,Engenharia de Produção
910,3,4,3,Engenharia de Produção
911,5,5,6,Engenharia de Produção
912,4,5,5,Engenharia de Produção
913,6,5,5,Engenharia de Produção
914,3,4,5,Engenharia de Produção
915,5,5,5,Engenharia de Produção
916,4,3,3,Engenharia de Produção
917,6,6,6,Engenharia de Produção
918,6,5,6,Engenharia de Produção
919,6,6,6,Ciências Biológicas (Licenciatura)
920,4,5,5,Ciências Biológicas (Licenciatura)
921,6,6,6,Ciências Biológicas (Licenciatura)
922,6,5,5,Ciências Biológicas (Licenciatura)
923,5,5,5,Ciências Biológicas (Licenciatura)
924,6,6,6,Ciências Biológicas (Licenciatura)
925,4,4,5,Ciências Biológicas (Licenciatura)
926,6,6,6,Ciências Biológicas (Licenciatura)
927,6,5,5,Ciências Biológicas (Licenciatura)
928,5,6,6,Ciências Biológicas (Licenciatura)
929,5,5,6,Ciências Biológicas (Licenciatura)
930,6,5,5,Ciências Biológicas (Licenciatura)
931,5,3,5,Ciências Biológicas (Licenciatura)
932,6,6,6,Ciências Biológicas (Licenciatura)
933,3,3,4,Ciências Biológicas (Licenciatura)
934,6,6,6,Ciências Biológicas (Licenciatura)
935,6,6,6,Ciências Biológicas (Licenciatura)
936,5,5,5,Ciências Biológicas (Licenciatura)
937,6,5,6,Ciências Biológicas (Licenciatura)
938,5,5,6,Ciências Biológicas (Licenciatura)
939,5,5,5,Ciências Biológicas (Licenciatura)
940,4,5,4,Ciências Biológicas (Licenciatura)
941,5,5,5,Ciências Biológicas (Licenciatura)
942,5,5,5,Ciências Biológicas (Licenciatura)
943,6,5,6,Ciências Biológicas (Licenciatura)
944,6,5,5,Ciências Biológicas (Licenciatura)
945,6,6,6,Ciências Biológicas (Licenciatura)
946,6,5,5,Ciências Biológicas (Licenciatura)
947,6,6,6,Ciências Biológicas (Licenciatura)
948,6,6,5,Ciências Biológicas (Licenciatura)
949,5,6,6,Ciências Biológicas (Licenciatura)
950,4,5,5,Ciências Biológicas (Licenciatura)
951,5,6,5,Ciências Biológicas (Licenciatura)
952,6,6,5,Ciências Biológicas (Licenciatura)
953,6,6,6,Ciências Biológicas (Licenciatura)
954,6,6,6,Ciências Biológicas (Licenciatura)
955,6,5,5,Ciências Biológicas (Licenciatura)
956,6,6,6,Ciências Biológicas (Licenciatura)
957,6,6,6,Ciências Biológicas (Licenciatura)
958,6,6,6,Ciências Biológicas (Licenciatura)
959,6,6,6,Ciências Biológicas (Licenciatura)
960,6,5,6,Ciências Biológicas (Licenciatura)
961,6,6,6,Ciências Biológicas (Licenciatura)
962,5,4,4,Ciências Biológicas (Licenciatura)
963,6,4,5,Ciências Biológicas (Licenciatura)
964,5,6,6,Ciências Biológicas (Licenciatura)
965,6,5,6,Ciências Biológicas (Licenciatura)
966,6,6,6,Ciências Biológicas (Licenciatura)
967,6,6,6,Ciências Biológicas (Licenciatura)
968,5,5,5,Ciências Biológicas (Licenciatura)
969,6,6,6,Ciências Biológicas (Licenciatura)
970,6,6,6,Ciências Biológicas (Licenciatura)
971,6,6,5,Ciências Biológicas (Licenciatura)
972,6,6,6,Ciências Biológicas (Licenciatura)
973,6,3,4,Ciências Biológicas (Licenciatura)
974,6,6,6,Ciências Biológicas (Licenciatura)
975,6,6,6,Ciências Biológicas (Licenciatura)
976,5,3,6,Ciências Biológicas (Licenciatura)
977,5,6,5,Ciências Biológicas (Licenciatura)
978,1,3,2,Ciências Biológicas (Licenciatura)
979,6,6,6,Ciências Biológicas (Licenciatura)
980,5,4,5,Ciências Biológicas (Licenciatura)
981,6,6,6,Ciências Biológicas (Licenciatura)
982,5,5,5,Ciências Biológicas (Licenciatura)
983,6,6,5,Ciências Biológicas (Licenciatura)
984,4,3,4,Ciências Biológicas (Licenciatura)
985,6,6,6,Ciências Biológicas (Licenciatura)
986,6,6,6,Ciências Biológicas (Licenciatura)
987,6,5,6,Ciências Biológicas (Licenciatura)
988,6,6,6,Ciências Biológicas (Licenciatura)
989,5,6,6,Ciências Biológicas (Licenciatura)
990,5,4,5,Ciências Biológicas (Licenciatura)
991,6,6,6,Ciências Biológicas (Licenciatura)
992,6,6,6,Ciências Biológicas (Licenciatura)
993,6,6,6,Ciências Biológicas (Licenciatura)
994,6,6,6,Ciências Biológicas (Licenciatura)
995,6,6,6,Ciências Biológicas (Licenciatura)
996,6,5,5,Ciências Biológicas (Licenciatura)
997,6,4,6,Ciências Biológicas (Licenciatura)
998,3,6,5,Ciências Biológicas (Licenciatura)
999,5,6,6,Ciências Biológicas (Licenciatura)
1000,6,6,6,Ciências Biológicas (Licenciatura)
1001,6,6,6,Ciências Biológicas (Licenciatura)
1002,6,6,6,Ciências Biológicas (Licenciatura)
1003,6,6,6,Ciências Biológicas (Licenciatura)
1004,4,6,4,Ciências Biológicas (Licenciatura)
1005,6,6,6,Ciências Biológicas (Licenciatura)
1006,6,NA,6,Ciências Biológicas (Licenciatura)
1007,6,5,6,Ciências Biológicas (Licenciatura)
1008,5,4,4,Matemática (Licenciatura)
1009,5,4,4,Matemática (Licenciatura)
1010,4,3,4,Matemática (Licenciatura)
1011,6,6,6,Matemática (Licenciatura)
1012,6,6,6,Matemática (Licenciatura)
1013,5,5,5,Matemática (Licenciatura)
1014,6,2,6,Matemática (Licenciatura)
1015,5,5,5,Matemática (Licenciatura)
1016,5,6,6,Matemática (Licenciatura)
1017,5,4,6,Matemática (Licenciatura)
1018,5,5,5,Matemática (Licenciatura)
1019,6,6,6,Química (Licenciatura)
1020,5,6,5,Química (Licenciatura)
1021,3,3,4,Química (Licenciatura)
1022,6,6,6,Química (Licenciatura)
1023,6,4,5,Química (Licenciatura)
1024,5,5,6,Química (Licenciatura)
1025,4,4,4,Química (Licenciatura)
1026,5,4,4,Química (Licenciatura)
1027,5,5,6,Química (Licenciatura)
1028,6,6,6,Química (Licenciatura)
1029,6,6,6,Química (Licenciatura)
1030,6,6,6,Química (Licenciatura)
1031,6,6,6,Química (Licenciatura)
1032,5,6,4,Química (Licenciatura)
1033,6,6,6,Química (Licenciatura)
1034,6,5,6,Química (Licenciatura)
1035,6,6,6,Química (Licenciatura)
1036,6,6,6,Química (Licenciatura)
1037,6,3,4,Química (Licenciatura)
1038,6,6,5,Química (Licenciatura)
1039,5,5,4,Química (Licenciatura)
1040,4,6,4,Química (Licenciatura)
1041,5,2,5,Química (Licenciatura)
1042,6,6,4,Química (Licenciatura)
1043,6,6,6,Química (Licenciatura)
1044,6,6,6,Física (Licenciatura)
1045,6,6,6,Física (Licenciatura)
1046,6,6,5,Física (Licenciatura)
1047,6,5,5,Física (Licenciatura)
1048,5,5,5,Física (Licenciatura)
1049,6,5,6,Física (Licenciatura)
1050,5,6,6,Física (Licenciatura)
1051,6,6,5,Física (Licenciatura)
1052,6,6,6,Física (Licenciatura)
1053,5,5,6,Física (Licenciatura)
1054,5,4,4,Física (Licenciatura)
1055,6,6,6,Física (Licenciatura)
1056,5,4,5,Física (Licenciatura)
1057,6,6,6,Física (Licenciatura)
1058,4,4,5,Física (Licenciatura)
1059,6,6,6,Engenharia Ambiental
1060,5,6,6,Engenharia Ambiental
1061,6,6,6,Engenharia Ambiental
1062,6,6,6,Engenharia Ambiental
1063,5,6,6,Engenharia Ambiental
1064,6,6,6,Engenharia Ambiental
1065,3,3,4,Engenharia Ambiental
1066,5,5,5,Engenharia Ambiental
1067,6,6,6,Engenharia Ambiental
1068,5,6,6,Engenharia Ambiental
1069,4,5,3,Engenharia Ambiental
1070,5,6,6,Engenharia Ambiental
1071,6,6,6,Engenharia Ambiental
1072,6,6,6,Engenharia Ambiental
1073,6,6,6,Engenharia Ambiental
1074,5,6,6,Engenharia Ambiental
1075,6,6,5,Engenharia Ambiental
1076,6,6,6,Engenharia Ambiental
1077,6,6,6,Engenharia Ambiental
1078,6,5,5,Engenharia Ambiental
1079,5,5,5,Engenharia Ambiental
1080,4,5,4,Engenharia Ambiental
1081,5,6,6,Engenharia Ambiental
1082,6,6,6,Engenharia Ambiental
1083,2,3,3,Engenharia Ambiental
1084,6,6,6,Engenharia Ambiental
1085,4,5,5,Engenharia Ambiental
1086,4,5,5,Engenharia Ambiental
1087,6,6,6,Engenharia Ambiental
1088,6,6,6,Engenharia Ambiental
1089,6,6,6,Engenharia Ambiental
1090,6,6,6,Engenharia Ambiental
1091,6,6,6,Engenharia Ambiental
1092,6,6,6,Engenharia Ambiental
1093,5,5,5,Engenharia Ambiental
1094,6,6,6,Engenharia Ambiental
1095,6,6,6,Engenharia Ambiental
1096,2,5,5,Engenharia Ambiental
1097,5,5,4,Engenharia Ambiental
1098,6,6,6,Engenharia Ambiental
1099,6,5,5,Engenharia Ambiental
1100,4,5,5,Engenharia Ambiental
1101,5,5,4,Engenharia Ambiental
1102,4,4,3,Engenharia Ambiental
1103,6,6,6,Engenharia Ambiental
1104,5,5,6,Engenharia Ambiental
1105,5,6,6,Engenharia Ambiental
1106,NA,NA,NA,Engenharia Ambiental
1107,3,5,5,Engenharia Ambiental
1108,6,6,6,Engenharia de Alimentos
1109,5,2,4,Engenharia de Alimentos
1110,4,NA,5,Engenharia de Alimentos
1111,1,1,1,Engenharia de Alimentos
1112,6,6,6,Engenharia de Alimentos
1113,4,3,6,Engenharia de Alimentos
1114,6,6,6,Engenharia de Alimentos
1115,6,6,6,Engenharia de Alimentos
1116,4,5,4,Engenharia de Alimentos
1117,6,5,6,Engenharia de Alimentos
1118,6,6,6,Engenharia de Alimentos
1119,2,2,2,Engenharia de Alimentos
1120,6,6,6,Engenharia de Alimentos
1121,6,4,6,Engenharia de Alimentos
1122,6,6,6,Engenharia de Alimentos
1123,6,6,6,Engenharia de Alimentos
1124,NA,2,NA,Engenharia de Alimentos
1125,5,5,5,Engenharia de Alimentos
1126,6,6,6,Engenharia de Alimentos
1127,6,5,5,Engenharia de Alimentos
1128,5,6,5,Engenharia de Alimentos
1129,4,6,4,Engenharia de Alimentos
1130,6,5,6,Engenharia de Alimentos
1131,5,5,5,Engenharia de Alimentos
1132,6,6,6,Engenharia de Alimentos
1133,6,6,6,Engenharia de Alimentos
1134,6,6,6,Engenharia de Alimentos
1135,6,6,6,Engenharia de Alimentos
1136,5,5,6,Engenharia de Alimentos
1137,5,5,5,Engenharia de Alimentos
1138,6,6,4,Engenharia de Alimentos
1139,5,6,5,Engenharia de Alimentos
1140,6,6,6,Engenharia de Alimentos
1141,5,5,6,Engenharia de Alimentos
1142,6,6,6,Engenharia de Alimentos
1143,6,6,6,Engenharia de Alimentos
1144,6,6,6,Engenharia de Alimentos
1145,6,5,5,Engenharia de Alimentos
1146,5,6,6,Engenharia de Alimentos
1147,6,4,4,Engenharia de Alimentos
1148,6,5,5,Engenharia de Alimentos
1149,3,5,5,Engenharia de Alimentos
1150,6,6,6,Engenharia de Alimentos
1151,6,6,6,Engenharia de Alimentos
1152,5,5,5,Engenharia de Alimentos
1153,6,6,6,Engenharia de Alimentos
1154,6,6,6,Engenharia de Alimentos
1155,6,6,6,Engenharia de Alimentos
1156,5,4,5,Engenharia de Alimentos
1157,6,5,6,Engenharia de Alimentos
1158,5,5,6,Engenharia de Alimentos
1159,5,6,6,Engenharia de Alimentos
1160,6,6,6,Engenharia de Alimentos
1161,6,5,5,Engenharia de Alimentos
1162,6,6,6,Engenharia de Alimentos
1163,6,6,6,Engenharia de Alimentos
1164,5,5,5,Engenharia de Alimentos
1165,6,6,6,Engenharia de Alimentos
1166,6,6,6,Engenharia de Alimentos
1167,6,6,6,Engenharia de Alimentos
1168,5,6,6,Engenharia de Alimentos
1169,6,4,5,Engenharia de Alimentos
1170,6,6,6,Engenharia
1171,6,5,5,Engenharia
1172,6,5,4,Engenharia
1173,NA,NA,NA,Engenharia
1174,6,6,6,Engenharia
1175,5,4,NA,Engenharia
1176,6,5,6,Engenharia
1177,4,3,6,Engenharia
1178,6,6,6,Engenharia
1179,NA,NA,NA,Engenharia
1180,5,4,5,Engenharia
1181,4,4,5,Engenharia
1182,5,4,5,Engenharia
1183,6,6,6,Engenharia
1184,5,4,6,Engenharia
1185,1,1,1,Engenharia
1186,6,4,6,Engenharia
1187,6,5,6,Engenharia
1188,1,1,6,Engenharia
1189,6,5,6,Engenharia
1190,6,5,6,Engenharia
1191,6,6,5,Engenharia
1192,6,2,5,Engenharia
1193,6,6,6,Engenharia
1194,5,5,5,Engenharia
1195,5,3,5,Engenharia
1196,5,NA,4,Engenharia
1197,6,5,6,Engenharia
1198,6,6,6,Engenharia
1199,4,3,3,Engenharia
1200,5,4,5,Engenharia
1201,6,6,6,Engenharia
1202,4,5,5,Música (Licenciatura)
1203,6,6,6,Música (Licenciatura)
1204,5,4,4,Música (Licenciatura)
1205,6,6,6,Música (Licenciatura)
1206,6,6,6,Música (Licenciatura)
1207,6,5,5,Música (Licenciatura)
1208,6,6,6,Música (Licenciatura)
1209,4,3,3,Música (Licenciatura)
1210,5,6,5,Música (Licenciatura)
1211,5,5,5,Música (Licenciatura)
1212,5,5,6,Música (Licenciatura)
1213,6,6,6,Música (Licenciatura)
1214,6,6,6,Música (Licenciatura)
1215,4,4,4,Música (Licenciatura)
1216,5,4,5,Música (Licenciatura)
1217,3,6,5,Música (Licenciatura)
1218,4,6,6,Música (Licenciatura)
1219,6,6,6,Música (Licenciatura)
1220,5,6,6,Música (Licenciatura)
1221,5,5,5,Geografia (Licenciatura)
1222,6,6,5,Geografia (Licenciatura)
1223,5,5,4,Geografia (Licenciatura)
1224,6,6,6,Geografia (Licenciatura)
1225,6,6,6,Geografia (Licenciatura)
1226,6,6,6,Geografia (Licenciatura)
1227,6,6,6,Geografia (Licenciatura)
1228,5,6,6,Geografia (Licenciatura)
1229,6,6,5,Geografia (Licenciatura)
1230,5,6,6,Geografia (Licenciatura)
1231,6,4,4,Geografia (Licenciatura)
1232,5,6,6,Geografia (Licenciatura)
1233,6,6,5,Geografia (Licenciatura)
1234,6,5,4,Geografia (Licenciatura)
1235,6,6,6,Geografia (Licenciatura)
1236,5,5,5,Geografia (Licenciatura)
1237,6,6,6,Geografia (Licenciatura)
1238,5,6,5,Geografia (Licenciatura)
1239,6,6,6,Geografia (Licenciatura)
1240,5,6,6,Geografia (Licenciatura)
1241,6,5,5,Geografia (Licenciatura)
1242,4,6,5,Geografia (Licenciatura)
1243,6,6,6,Geografia (Licenciatura)
1244,6,6,6,Geografia (Licenciatura)
1245,6,6,6,Geografia (Licenciatura)
1246,6,6,6,Geografia (Licenciatura)
1247,6,5,5,Geografia (Licenciatura)
1248,6,5,6,Geografia (Licenciatura)
1249,6,5,5,Geografia (Licenciatura)
1250,5,6,6,Geografia (Licenciatura)
1251,5,6,6,Geografia (Licenciatura)
1252,3,5,6,Geografia (Licenciatura)
1253,4,5,5,Geografia (Licenciatura)
1254,6,6,6,Geografia (Licenciatura)
1255,6,6,6,Geografia (Licenciatura)
1256,6,6,6,Geografia (Licenciatura)
1257,6,6,6,Geografia (Licenciatura)
1258,5,6,6,Geografia (Licenciatura)
1259,5,6,4,Geografia (Licenciatura)
1260,6,6,6,Geografia (Licenciatura)
1261,4,6,6,Geografia (Licenciatura)
1262,6,6,6,Geografia (Licenciatura)
1263,6,6,5,Geografia (Licenciatura)
1264,6,5,5,Geografia (Licenciatura)
1265,6,6,6,Geografia (Licenciatura)
1266,5,6,6,Geografia (Licenciatura)
1267,4,5,4,Geografia (Licenciatura)
1268,5,5,6,Geografia (Licenciatura)
1269,2,2,2,Geografia (Licenciatura)
1270,6,6,6,Geografia (Licenciatura)
1271,6,6,6,Geografia (Licenciatura)
1272,5,5,5,Geografia (Licenciatura)
1273,5,6,6,Geografia (Licenciatura)
1274,5,5,4,Geografia (Licenciatura)
1275,4,4,5,Geografia (Licenciatura)
1276,6,6,6,Geografia (Licenciatura)
1277,5,5,6,Geografia (Licenciatura)
1278,NA,NA,NA,Geografia (Licenciatura)
1279,5,6,5,Geografia (Licenciatura)
1280,6,6,6,Geografia (Licenciatura)
1281,4,4,4,Geografia (Licenciatura)
1282,5,3,5,Geografia (Licenciatura)
1283,4,5,5,Geografia (Licenciatura)
1284,4,6,6,Filosofia (Bacharelado)
1285,3,5,5,Filosofia (Bacharelado)
1286,NA,NA,NA,Filosofia (Licenciatura)
1287,6,6,6,Filosofia (Licenciatura)
1288,6,6,6,Filosofia (Licenciatura)
1289,6,6,6,Filosofia (Licenciatura)
1290,6,6,6,Filosofia (Licenciatura)
1291,2,5,2,Ciências Sociais (Bacharelado)
1292,5,6,6,Ciências Sociais (Bacharelado)
1293,6,6,6,Ciências Sociais (Bacharelado)
1294,4,6,6,Ciências Sociais (Bacharelado)
1295,6,6,6,Ciências Sociais (Bacharelado)
1296,6,6,6,Ciências Sociais (Bacharelado)
1297,6,6,6,Ciências Sociais (Bacharelado)
1298,6,6,6,Matemática (Bacharelado)
1299,5,1,4,Matemática (Bacharelado)
1300,6,6,6,Matemática (Bacharelado)
1301,6,6,6,Matemática (Bacharelado)
1302,NA,NA,6,Física (Bacharelado)
1303,NA,NA,1,Física (Bacharelado)
1304,5,4,5,Física (Bacharelado)
1305,6,3,6,Física (Bacharelado)
1306,4,1,1,Física (Bacharelado)
1307,5,4,4,Engenharia
1308,4,4,5,Engenharia
1309,6,6,6,Engenharia
1310,5,5,5,Engenharia
1311,6,6,6,Engenharia
1312,6,5,6,Engenharia
1313,6,6,6,Engenharia
1314,6,6,6,Engenharia
1315,6,6,6,Engenharia
1316,6,6,5,Engenharia
1317,5,6,5,Engenharia
1318,6,6,6,Engenharia
1319,6,6,6,Engenharia
1320,5,5,5,Engenharia
1321,5,6,5,Engenharia
1322,5,5,5,Engenharia
1323,2,3,3,Engenharia
1324,5,4,5,Engenharia
1325,6,4,4,Engenharia
1326,4,5,5,Engenharia
1327,6,6,5,Engenharia
1328,5,5,5,Engenharia
1329,5,NA,5,Engenharia
1330,6,6,6,Engenharia
1331,5,6,6,Engenharia
1332,5,6,5,Engenharia
1333,4,4,3,Engenharia
1334,5,6,6,Engenharia
1335,2,5,5,Engenharia
1336,5,5,5,Engenharia
1337,6,6,6,Engenharia
1338,6,6,6,Engenharia
1339,5,6,5,Engenharia
1340,5,6,6,Engenharia
1341,6,4,6,Engenharia
1342,6,6,6,Engenharia
1343,4,5,5,Engenharia
1344,6,4,5,Engenharia
1345,5,5,4,Engenharia
1346,4,6,6,Engenharia
1347,6,6,6,Engenharia
1348,6,6,6,Engenharia
1349,6,6,6,Engenharia
1350,6,6,6,Engenharia
1351,6,5,5,Engenharia
1352,NA,6,6,Engenharia de Produção
1353,5,5,5,Engenharia de Produção
1354,6,3,3,Engenharia de Produção
1355,5,6,5,Engenharia de Produção
1356,5,4,4,Engenharia de Produção
1357,NA,NA,NA,Engenharia de Produção
1358,6,6,6,Engenharia de Produção
1359,3,4,4,Engenharia de Produção
1360,5,4,4,Engenharia de Produção
1361,3,3,3,Engenharia de Produção
1362,5,6,4,Engenharia de Produção
1363,5,3,4,Engenharia de Produção
1364,5,3,5,Engenharia de Produção
1365,6,6,6,Engenharia de Produção
1366,4,5,5,Engenharia de Produção
1367,5,3,5,Engenharia de Produção
1368,4,6,6,Engenharia de Produção
1369,6,5,5,Engenharia de Produção
1370,NA,NA,NA,Engenharia de Produção
1371,5,5,5,Engenharia de Produção
1372,6,5,6,Engenharia de Produção
1373,NA,NA,NA,Engenharia de Produção
1374,5,3,4,Engenharia de Produção
1375,3,3,4,Engenharia de Produção
1376,5,5,5,Engenharia de Produção
1377,5,5,6,Engenharia de Produção
1378,4,5,5,Engenharia de Produção
1379,NA,NA,NA,Engenharia de Produção
1380,6,6,6,Engenharia de Produção
1381,NA,NA,NA,Engenharia de Produção
1382,6,6,6,Engenharia de Produção
1383,6,5,6,Engenharia de Produção
1384,NA,NA,NA,Engenharia de Produção
1385,6,6,5,Ciências Sociais (Licenciatura)
1386,6,5,6,Ciências Sociais (Licenciatura)
1387,6,6,6,Ciências Sociais (Licenciatura)
1388,6,6,6,Ciências Sociais (Licenciatura)
1389,6,6,6,Ciências Sociais (Licenciatura)
1390,6,6,6,Ciências Sociais (Licenciatura)
1391,5,6,6,Ciências Sociais (Licenciatura)
1392,6,5,6,Ciências Sociais (Licenciatura)
1393,5,5,5,Ciências Sociais (Licenciatura)
1394,6,6,6,Ciências Sociais (Licenciatura)
1395,6,5,6,Ciências Sociais (Licenciatura)
1396,6,6,6,Ciências Sociais (Licenciatura)
1397,6,6,5,Ciências Sociais (Licenciatura)
1398,NA,NA,NA,Ciências Sociais (Licenciatura)
1399,6,6,5,Ciências Sociais (Licenciatura)
1400,6,6,6,Ciências Sociais (Licenciatura)
1401,6,6,6,Ciências Sociais (Licenciatura)
1402,6,6,6,Ciências Sociais (Licenciatura)
1403,6,6,6,Ciências Sociais (Licenciatura)
1404,1,1,1,Ciências Sociais (Licenciatura)
1405,6,6,6,Ciências Sociais (Licenciatura)
1406,6,6,6,Ciências Sociais (Licenciatura)
1407,6,6,6,Ciências Sociais (Licenciatura)
1408,6,6,6,Ciências Sociais (Licenciatura)
1409,6,6,6,Ciências Sociais (Licenciatura)
1410,6,6,6,Ciências Sociais (Licenciatura)
1411,NA,NA,NA,Ciências Sociais (Licenciatura)
1412,5,5,5,Ciências Sociais (Licenciatura)
1413,5,6,6,Ciências Sociais (Licenciatura)
1414,6,6,6,Ciências Sociais (Licenciatura)
1415,6,6,6,Ciências Sociais (Licenciatura)
1416,6,6,6,Ciências Sociais (Licenciatura)
1417,6,5,6,Ciências Sociais (Licenciatura)
1418,6,6,6,Ciências Sociais (Licenciatura)
1419,3,6,6,Ciências Sociais (Licenciatura)
1420,6,6,6,Ciências Sociais (Licenciatura)
1421,5,6,6,Ciências Sociais (Licenciatura)
1422,6,6,6,Ciências Sociais (Licenciatura)
1423,6,6,6,Ciências Sociais (Licenciatura)
1424,6,5,5,Ciências Sociais (Licenciatura)
1425,6,6,6,Ciências Sociais (Licenciatura)
1426,5,6,6,Ciências Sociais (Licenciatura)
1427,4,5,6,Ciências Sociais (Licenciatura)
1428,6,6,6,Ciências Sociais (Licenciatura)
1429,5,5,3,Ciências Sociais (Licenciatura)
1430,6,5,6,Ciências Sociais (Licenciatura)
1431,5,6,5,Ciências Sociais (Licenciatura)
1432,6,6,6,Ciências Sociais (Licenciatura)
1433,4,5,4,Ciências Sociais (Licenciatura)
1434,6,6,6,Arquitetura e Urbanismo
1435,5,6,6,Arquitetura e Urbanismo
1436,5,4,5,Arquitetura e Urbanismo
1437,5,5,5,Arquitetura e Urbanismo
1438,6,6,6,Arquitetura e Urbanismo
1439,5,5,5,Arquitetura e Urbanismo
1440,5,6,5,Arquitetura e Urbanismo
1441,6,6,6,Arquitetura e Urbanismo
1442,6,6,6,Arquitetura e Urbanismo
1443,6,6,6,Arquitetura e Urbanismo
1444,5,5,6,Arquitetura e Urbanismo
1445,6,4,6,Arquitetura e Urbanismo
1446,6,5,5,Arquitetura e Urbanismo
1447,6,6,6,Arquitetura e Urbanismo
1448,6,6,6,Arquitetura e Urbanismo
1449,6,6,5,Arquitetura e Urbanismo
1450,6,6,6,Arquitetura e Urbanismo
1451,3,4,4,Arquitetura e Urbanismo
1452,4,5,5,Arquitetura e Urbanismo
1453,6,6,6,Arquitetura e Urbanismo
1454,5,6,6,Arquitetura e Urbanismo
1455,6,6,6,Arquitetura e Urbanismo
1456,6,5,5,Arquitetura e Urbanismo
1457,6,6,6,Arquitetura e Urbanismo
1458,6,6,6,Arquitetura e Urbanismo
1459,6,6,6,Arquitetura e Urbanismo
1460,6,6,6,Arquitetura e Urbanismo
1461,6,5,6,Arquitetura e Urbanismo
1462,5,5,5,Arquitetura e Urbanismo
1463,6,6,5,Arquitetura e Urbanismo
1464,6,6,6,Arquitetura e Urbanismo
1465,5,6,6,Arquitetura e Urbanismo
1466,6,6,6,Arquitetura e Urbanismo
1467,5,6,6,Arquitetura e Urbanismo
1468,4,6,6,Arquitetura e Urbanismo
1469,6,5,6,Arquitetura e Urbanismo
1470,6,6,6,Arquitetura e Urbanismo
1471,6,6,6,Arquitetura e Urbanismo
1472,4,5,5,Arquitetura e Urbanismo
1473,5,5,5,Arquitetura e Urbanismo
1474,5,6,6,Arquitetura e Urbanismo
1475,5,5,5,Arquitetura e Urbanismo
1476,5,6,6,Arquitetura e Urbanismo
1477,5,6,5,Arquitetura e Urbanismo
1478,5,5,6,Arquitetura e Urbanismo
1479,4,3,2,Arquitetura e Urbanismo
1480,6,6,6,Arquitetura e Urbanismo
1481,4,1,1,Arquitetura e Urbanismo
1482,5,6,5,Arquitetura e Urbanismo
1483,6,5,6,Matemática (Licenciatura)
1484,6,6,6,Matemática (Licenciatura)
1485,6,NA,6,Matemática (Licenciatura)
1486,5,3,4,Matemática (Licenciatura)
1487,5,5,5,Matemática (Licenciatura)
1488,4,5,6,Matemática (Licenciatura)
1489,6,6,6,Matemática (Licenciatura)
1490,6,6,6,Matemática (Licenciatura)
1491,6,6,6,Matemática (Licenciatura)
1492,6,4,6,Matemática (Licenciatura)
1493,5,5,5,Matemática (Licenciatura)
1494,6,5,5,Matemática (Licenciatura)
1495,6,6,6,Matemática (Licenciatura)
1496,2,2,1,Matemática (Licenciatura)
1497,5,5,6,Matemática (Licenciatura)
1498,4,4,6,Matemática (Licenciatura)
1499,6,6,6,Matemática (Licenciatura)
1500,6,6,6,Matemática (Licenciatura)
1501,6,2,5,Química (Licenciatura)
1502,5,5,5,Química (Licenciatura)
1503,5,5,5,Química (Licenciatura)
1504,5,5,5,Química (Licenciatura)
1505,6,6,6,Química (Licenciatura)
1506,4,5,4,Química (Licenciatura)
1507,5,5,5,Química (Licenciatura)
1508,6,6,6,Química (Licenciatura)
1509,6,6,6,Química (Licenciatura)
1510,5,5,5,Química (Licenciatura)
1511,5,5,5,Química (Licenciatura)
1512,5,6,6,Química (Licenciatura)
1513,6,6,6,Química (Licenciatura)
1514,6,6,6,Química (Licenciatura)
1515,5,5,5,Química (Licenciatura)
1516,6,6,6,Química (Licenciatura)
1517,6,6,6,Química (Licenciatura)
1518,6,6,6,Química (Licenciatura)
1519,5,6,6,Química (Licenciatura)
1520,4,3,3,Química (Licenciatura)
1521,6,6,6,Química (Licenciatura)
1522,4,5,5,Química (Licenciatura)
1523,6,6,6,Química (Licenciatura)
1524,5,6,6,Química (Licenciatura)
1525,6,6,6,Química (Licenciatura)
1526,6,5,6,Química (Licenciatura)
1527,5,5,5,Química (Licenciatura)
1528,6,6,6,Química (Licenciatura)
1529,6,6,6,Química (Licenciatura)
1530,3,1,2,Química (Licenciatura)
1531,6,6,6,Química (Licenciatura)
1532,6,6,6,Química (Licenciatura)
1533,6,6,6,Química (Licenciatura)
1534,4,4,4,Ciências Biológicas (Licenciatura)
1535,NA,NA,NA,Ciências Biológicas (Licenciatura)
1536,6,6,6,Ciências Biológicas (Licenciatura)
1537,6,6,6,Ciências Biológicas (Licenciatura)
1538,6,6,5,Ciências Biológicas (Licenciatura)
1539,6,6,6,Ciências Biológicas (Licenciatura)
1540,6,5,6,Ciências Biológicas (Licenciatura)
1541,4,4,4,Ciências Biológicas (Licenciatura)
1542,5,5,5,Ciências Biológicas (Licenciatura)
1543,3,2,3,Ciências Biológicas (Licenciatura)
1544,6,5,6,Ciências Biológicas (Licenciatura)
1545,4,4,4,Ciências Biológicas (Licenciatura)
1546,5,5,5,Ciências Biológicas (Licenciatura)
1547,6,6,6,Ciências Biológicas (Licenciatura)
1548,6,6,6,Ciências Biológicas (Licenciatura)
1549,6,5,6,Ciências Biológicas (Licenciatura)
1550,5,5,5,Ciências Biológicas (Licenciatura)
1551,6,6,6,Ciências Biológicas (Licenciatura)
1552,6,4,6,Ciências Biológicas (Licenciatura)
1553,6,6,6,Ciências Biológicas (Licenciatura)
1554,6,5,5,Ciências Biológicas (Licenciatura)
1555,6,6,6,Ciências Biológicas (Licenciatura)
1556,5,6,6,Ciências Biológicas (Licenciatura)
1557,6,6,6,Ciências Biológicas (Licenciatura)
1558,6,6,5,Ciências Biológicas (Licenciatura)
1559,6,6,6,Ciências Biológicas (Licenciatura)
1560,5,5,5,Ciências Biológicas (Licenciatura)
1561,5,6,6,Ciências Biológicas (Licenciatura)
1562,6,4,5,Ciências Biológicas (Licenciatura)
1563,5,6,6,Ciências Biológicas (Licenciatura)
1564,6,6,6,Ciências Biológicas (Licenciatura)
1565,6,5,6,Ciências Biológicas (Licenciatura)
1566,6,6,6,Ciências Biológicas (Licenciatura)
1567,6,4,6,Letras-Português (Licenciatura)
1568,6,6,6,Letras-Português (Licenciatura)
1569,6,6,6,Letras-Português (Licenciatura)
1570,6,6,6,Letras-Português (Licenciatura)
1571,4,1,3,Letras-Português (Licenciatura)
1572,5,5,5,Letras-Português (Licenciatura)
1573,6,6,6,Letras-Português (Licenciatura)
1574,6,6,6,Letras-Português (Licenciatura)
1575,6,5,5,Letras-Português (Licenciatura)
1576,6,6,6,Letras-Português (Licenciatura)
1577,6,5,5,Letras-Português (Licenciatura)
1578,6,6,6,Letras-Português (Licenciatura)
1579,6,6,6,Letras-Português (Licenciatura)
1580,6,6,6,Letras-Português (Licenciatura)
1581,5,5,6,Letras-Português (Licenciatura)
1582,2,2,4,Letras-Português (Licenciatura)
1583,6,6,6,Letras-Português (Licenciatura)
1584,5,5,5,Letras-Português (Licenciatura)
1585,6,5,6,Letras-Português (Licenciatura)
1586,6,6,6,Letras-Português (Licenciatura)
1587,6,6,6,Letras-Português (Licenciatura)
1588,3,3,3,Letras-Português (Licenciatura)
1589,6,6,6,Letras-Português (Licenciatura)
1590,6,6,5,Letras-Português (Licenciatura)
1591,6,6,6,Letras-Português (Licenciatura)
1592,6,6,6,Letras-Português (Licenciatura)
1593,6,6,6,Letras-Português (Licenciatura)
1594,6,5,5,Letras-Português (Licenciatura)
1595,5,6,6,Letras-Português (Licenciatura)
1596,6,6,6,Letras-Português (Licenciatura)
1597,6,6,6,Letras-Português (Licenciatura)
1598,5,5,6,Letras - Inglês
1599,6,5,6,Letras - Inglês
1600,5,5,5,Letras - Inglês
1601,6,6,6,Letras - Inglês
1602,5,5,5,Letras - Inglês
1603,6,6,6,Letras - Inglês
1604,5,6,6,Letras - Inglês
1605,6,6,6,Letras - Inglês
1606,6,6,6,Letras - Inglês
1607,6,6,6,Letras - Inglês
1608,6,6,6,Letras - Inglês
1609,4,5,5,Letras - Inglês
1610,5,5,5,Letras - Inglês
1611,5,5,5,Letras-Português (Licenciatura)
1612,6,6,6,Letras-Português (Licenciatura)
1613,6,6,5,Letras-Português (Licenciatura)
1614,6,6,6,Letras-Português (Licenciatura)
1615,6,6,6,Letras-Português (Licenciatura)
1616,6,6,6,Letras-Português (Licenciatura)
1617,6,5,5,Letras-Português (Licenciatura)
1618,6,6,6,Letras-Português (Licenciatura)
1619,5,5,5,Letras-Português (Licenciatura)
1620,6,6,6,Letras-Português (Licenciatura)
1621,6,5,6,Letras-Português (Licenciatura)
1622,5,5,5,Letras-Português (Licenciatura)
1623,5,6,6,Letras-Português (Licenciatura)
1624,6,5,5,Letras-Português (Licenciatura)
1625,6,6,6,Letras-Português (Licenciatura)
1626,5,5,5,Letras-Português (Licenciatura)
1627,5,6,6,Letras-Português (Licenciatura)
1628,5,5,5,Letras-Português (Licenciatura)
1629,5,5,5,Letras-Português (Licenciatura)
1630,6,6,6,Letras-Português (Licenciatura)
1631,5,6,6,Letras-Português (Licenciatura)
1632,3,6,6,Letras-Português (Licenciatura)
1633,6,6,6,Letras-Português (Licenciatura)
1634,6,6,6,Letras-Português (Licenciatura)
1635,6,6,6,Letras-Português (Licenciatura)
1636,5,6,6,Letras-Português (Licenciatura)
1637,6,6,6,Letras-Português (Licenciatura)
1638,6,6,6,Letras-Português (Licenciatura)
1639,6,6,5,Letras-Português (Licenciatura)
1640,6,6,6,Letras-Português (Licenciatura)
1641,6,6,6,Letras-Português (Licenciatura)
1642,6,5,6,Letras-Português (Licenciatura)
1643,6,6,6,Letras-Português (Licenciatura)
1644,6,5,5,Letras-Português (Licenciatura)
1645,6,5,6,Letras-Português (Licenciatura)
1646,6,6,6,Letras-Português (Licenciatura)
1647,6,5,6,Letras-Português (Licenciatura)
1648,6,6,6,Letras-Português (Licenciatura)
1649,6,6,6,Letras-Português (Licenciatura)
1650,6,6,6,Letras-Português (Licenciatura)
1651,5,6,6,Letras-Português (Licenciatura)
1652,6,6,6,Letras-Português (Licenciatura)
1653,6,5,6,Letras-Português (Licenciatura)
1654,6,6,6,Letras-Português (Licenciatura)
1655,5,5,6,Letras - Inglês
1656,4,6,5,Letras - Inglês
1657,5,6,6,Letras - Inglês
1658,6,6,6,Letras - Inglês
1659,6,6,6,Letras - Inglês
1660,5,5,4,Letras - Inglês
1661,2,6,4,Letras - Inglês
1662,6,5,5,Letras - Inglês
1663,6,6,6,Letras - Inglês
1664,2,4,4,Letras - Inglês
1665,4,4,5,Letras - Inglês
1666,4,4,4,Letras - Inglês
1667,6,6,6,Letras - Inglês
1668,6,6,6,Letras - Inglês
1669,2,2,3,Física (Licenciatura)
1670,6,3,6,Física (Licenciatura)
1671,6,6,5,Física (Licenciatura)
1672,6,6,6,Física (Licenciatura)
